"","Tank","trophic.level","species","size","week","temp.wk","temp.Tmn","temp.Tsd","Tankn","invTi","invTT"
"1","2","PZN","cyclopoid",0.357,4,20.07275,19.5672879464286,3.47573326338724,5,39.5959923082024,39.6644014311969
"2","2","PZN","cyclopoid",0.612,5,21.3747678571429,19.5672879464286,3.47573326338724,5,39.420859468415,39.6644014311969
"3","2","PZN","cyclopoid",0.646,5,21.3747678571429,19.5672879464286,3.47573326338724,5,39.420859468415,39.6644014311969
"4","2","PZN","cyclopoid",0.408,5,21.3747678571429,19.5672879464286,3.47573326338724,5,39.420859468415,39.6644014311969
"5","2","PZN","cyclopoid",0.51,5,21.3747678571429,19.5672879464286,3.47573326338724,5,39.420859468415,39.6644014311969
"6","2","PZN","cyclopoid",0.697,5,21.3747678571429,19.5672879464286,3.47573326338724,5,39.420859468415,39.6644014311969
"7","2","PZN","cyclopoid",0.612,5,21.3747678571429,19.5672879464286,3.47573326338724,5,39.420859468415,39.6644014311969
"8","2","PZN","cyclopoid",0.442,5,21.3747678571429,19.5672879464286,3.47573326338724,5,39.420859468415,39.6644014311969
"9","2","PZN","cyclopoid",0.544,5,21.3747678571429,19.5672879464286,3.47573326338724,5,39.420859468415,39.6644014311969
"10","2","PZN","cyclopoid",0.493,5,21.3747678571429,19.5672879464286,3.47573326338724,5,39.420859468415,39.6644014311969
"11","2","PZN","cyclopoid",0.425,5,21.3747678571429,19.5672879464286,3.47573326338724,5,39.420859468415,39.6644014311969
"12","2","PZN","cyclopoid",0.561,6,19.3002916666667,19.5672879464286,3.47573326338724,5,39.7006321429787,39.6644014311969
"13","2","PZN","cyclopoid",0.646,6,19.3002916666667,19.5672879464286,3.47573326338724,5,39.7006321429787,39.6644014311969
"14","2","PZN","cyclopoid",0.765,6,19.3002916666667,19.5672879464286,3.47573326338724,5,39.7006321429787,39.6644014311969
"15","2","PZN","cyclopoid",0.544,6,19.3002916666667,19.5672879464286,3.47573326338724,5,39.7006321429787,39.6644014311969
"16","2","PZN","cyclopoid",0.459,6,19.3002916666667,19.5672879464286,3.47573326338724,5,39.7006321429787,39.6644014311969
"17","2","PZN","cyclopoid",0.476,6,19.3002916666667,19.5672879464286,3.47573326338724,5,39.7006321429787,39.6644014311969
"18","2","PZN","cyclopoid",0.476,6,19.3002916666667,19.5672879464286,3.47573326338724,5,39.7006321429787,39.6644014311969
"19","2","PZN","cyclopoid",0.493,6,19.3002916666667,19.5672879464286,3.47573326338724,5,39.7006321429787,39.6644014311969
"20","2","PZN","cyclopoid",0.51,6,19.3002916666667,19.5672879464286,3.47573326338724,5,39.7006321429787,39.6644014311969
"21","2","PZN","cyclopoid",0.646,6,19.3002916666667,19.5672879464286,3.47573326338724,5,39.7006321429787,39.6644014311969
"22","2","PZN","cyclopoid",0.578,6,19.3002916666667,19.5672879464286,3.47573326338724,5,39.7006321429787,39.6644014311969
"23","2","PZN","cyclopoid",0.629,8,16.4195595238095,19.5672879464286,3.47573326338724,5,40.0957916383984,39.6644014311969
"24","2","PZN","cyclopoid",0.442,8,16.4195595238095,19.5672879464286,3.47573326338724,5,40.0957916383984,39.6644014311969
"25","2","PZN","cyclopoid",0.442,8,16.4195595238095,19.5672879464286,3.47573326338724,5,40.0957916383984,39.6644014311969
"26","2","PZN","cyclopoid",0.425,8,16.4195595238095,19.5672879464286,3.47573326338724,5,40.0957916383984,39.6644014311969
"27","2","PZN","cyclopoid",0.493,8,16.4195595238095,19.5672879464286,3.47573326338724,5,40.0957916383984,39.6644014311969
"28","2","PZN","cyclopoid",0.408,8,16.4195595238095,19.5672879464286,3.47573326338724,5,40.0957916383984,39.6644014311969
"29","2","PZN","cyclopoid",0.595,8,16.4195595238095,19.5672879464286,3.47573326338724,5,40.0957916383984,39.6644014311969
"30","2","PZN","cyclopoid",0.646,8,16.4195595238095,19.5672879464286,3.47573326338724,5,40.0957916383984,39.6644014311969
"31","2","PZN","cyclopoid",0.646,8,16.4195595238095,19.5672879464286,3.47573326338724,5,40.0957916383984,39.6644014311969
"32","2","PZN","cyclopoid",0.595,9,15.9660654761905,19.5672879464286,3.47573326338724,5,40.1587166839834,39.6644014311969
"33","2","PZN","cyclopoid",0.578,9,15.9660654761905,19.5672879464286,3.47573326338724,5,40.1587166839834,39.6644014311969
"34","2","PZN","cyclopoid",0.51,9,15.9660654761905,19.5672879464286,3.47573326338724,5,40.1587166839834,39.6644014311969
"35","2","PZN","cyclopoid",0.493,9,15.9660654761905,19.5672879464286,3.47573326338724,5,40.1587166839834,39.6644014311969
"36","2","PZN","Daphnia",0.765,9,15.9660654761905,19.5672879464286,3.47573326338724,5,40.1587166839834,39.6644014311969
"37","2","PZN","Daphnia",1.037,9,15.9660654761905,19.5672879464286,3.47573326338724,5,40.1587166839834,39.6644014311969
"38","2","PZN","Daphnia",1.904,9,15.9660654761905,19.5672879464286,3.47573326338724,5,40.1587166839834,39.6644014311969
"39","4","PZN","cyclopoid",0.476,6,21.7952916666667,22.0622879464286,3.47573326338724,6,39.3646258362405,39.3290055313698
"40","4","PZN","cyclopoid",0.527,6,21.7952916666667,22.0622879464286,3.47573326338724,6,39.3646258362405,39.3290055313698
"41","4","PZN","cyclopoid",0.663,8,18.9145595238095,22.0622879464286,3.47573326338724,6,39.7530920474599,39.3290055313698
"42","4","PZN","cyclopoid",0.425,8,18.9145595238095,22.0622879464286,3.47573326338724,6,39.7530920474599,39.3290055313698
"43","4","PZN","cyclopoid",0.646,8,18.9145595238095,22.0622879464286,3.47573326338724,6,39.7530920474599,39.3290055313698
"44","4","PZN","cyclopoid",0.408,8,18.9145595238095,22.0622879464286,3.47573326338724,6,39.7530920474599,39.3290055313698
"45","4","PZN","cyclopoid",0.459,8,18.9145595238095,22.0622879464286,3.47573326338724,6,39.7530920474599,39.3290055313698
"46","4","PZN","cyclopoid",0.527,8,18.9145595238095,22.0622879464286,3.47573326338724,6,39.7530920474599,39.3290055313698
"47","4","PZN","cyclopoid",0.442,8,18.9145595238095,22.0622879464286,3.47573326338724,6,39.7530920474599,39.3290055313698
"48","4","PZN","cyclopoid",0.425,8,18.9145595238095,22.0622879464286,3.47573326338724,6,39.7530920474599,39.3290055313698
"49","4","PZN","cyclopoid",0.408,8,18.9145595238095,22.0622879464286,3.47573326338724,6,39.7530920474599,39.3290055313698
"50","4","PZN","cyclopoid",0.425,8,18.9145595238095,22.0622879464286,3.47573326338724,6,39.7530920474599,39.3290055313698
"51","4","PZN","cyclopoid",0.442,8,18.9145595238095,22.0622879464286,3.47573326338724,6,39.7530920474599,39.3290055313698
"52","4","PZN","cyclopoid",0.493,8,18.9145595238095,22.0622879464286,3.47573326338724,6,39.7530920474599,39.3290055313698
"53","4","PZN","cyclopoid",0.646,8,18.9145595238095,22.0622879464286,3.47573326338724,6,39.7530920474599,39.3290055313698
"54","4","PZN","cyclopoid",0.34,8,18.9145595238095,22.0622879464286,3.47573326338724,6,39.7530920474599,39.3290055313698
"55","4","PZN","cyclopoid",0.544,8,18.9145595238095,22.0622879464286,3.47573326338724,6,39.7530920474599,39.3290055313698
"56","4","PZN","cyclopoid",0.425,9,18.4610654761905,22.0622879464286,3.47573326338724,6,39.8149452167281,39.3290055313698
"57","4","PZN","cyclopoid",0.612,9,18.4610654761905,22.0622879464286,3.47573326338724,6,39.8149452167281,39.3290055313698
"58","4","PZN","cyclopoid",0.527,9,18.4610654761905,22.0622879464286,3.47573326338724,6,39.8149452167281,39.3290055313698
"59","4","PZN","cyclopoid",0.612,9,18.4610654761905,22.0622879464286,3.47573326338724,6,39.8149452167281,39.3290055313698
"60","4","PZN","cyclopoid",0.527,9,18.4610654761905,22.0622879464286,3.47573326338724,6,39.8149452167281,39.3290055313698
"61","4","PZN","cyclopoid",0.527,9,18.4610654761905,22.0622879464286,3.47573326338724,6,39.8149452167281,39.3290055313698
"62","4","PZN","cyclopoid",0.561,9,18.4610654761905,22.0622879464286,3.47573326338724,6,39.8149452167281,39.3290055313698
"63","4","PZN","cyclopoid",0.544,9,18.4610654761905,22.0622879464286,3.47573326338724,6,39.8149452167281,39.3290055313698
"64","4","PZN","cyclopoid",0.578,9,18.4610654761905,22.0622879464286,3.47573326338724,6,39.8149452167281,39.3290055313698
"65","4","PZN","cyclopoid",0.595,9,18.4610654761905,22.0622879464286,3.47573326338724,6,39.8149452167281,39.3290055313698
"66","4","PZN","cyclopoid",0.544,9,18.4610654761905,22.0622879464286,3.47573326338724,6,39.8149452167281,39.3290055313698
"67","4","PZN","cyclopoid",0.578,9,18.4610654761905,22.0622879464286,3.47573326338724,6,39.8149452167281,39.3290055313698
"68","4","PZN","cyclopoid",0.578,9,18.4610654761905,22.0622879464286,3.47573326338724,6,39.8149452167281,39.3290055313698
"69","4","PZN","cyclopoid",0.544,9,18.4610654761905,22.0622879464286,3.47573326338724,6,39.8149452167281,39.3290055313698
"70","4","PZN","cyclopoid",0.561,9,18.4610654761905,22.0622879464286,3.47573326338724,6,39.8149452167281,39.3290055313698
"71","4","PZN","cyclopoid",0.561,9,18.4610654761905,22.0622879464286,3.47573326338724,6,39.8149452167281,39.3290055313698
"72","5","PZN","cyclopoid",0.595,8,16.4255595238095,19.5732879464286,3.47573326338724,1,40.0949604238014,39.663588006259
"73","5","PZN","cyclopoid",0.357,8,16.4255595238095,19.5732879464286,3.47573326338724,1,40.0949604238014,39.663588006259
"74","5","PZN","cyclopoid",0.476,8,16.4255595238095,19.5732879464286,3.47573326338724,1,40.0949604238014,39.663588006259
"75","5","PZN","cyclopoid",0.629,8,16.4255595238095,19.5732879464286,3.47573326338724,1,40.0949604238014,39.663588006259
"76","5","PZN","cyclopoid",0.629,8,16.4255595238095,19.5732879464286,3.47573326338724,1,40.0949604238014,39.663588006259
"77","5","PZN","cyclopoid",0.612,8,16.4255595238095,19.5732879464286,3.47573326338724,1,40.0949604238014,39.663588006259
"78","5","PZN","cyclopoid",0.561,8,16.4255595238095,19.5732879464286,3.47573326338724,1,40.0949604238014,39.663588006259
"79","5","PZN","cyclopoid",0.544,8,16.4255595238095,19.5732879464286,3.47573326338724,1,40.0949604238014,39.663588006259
"80","5","PZN","cyclopoid",0.51,9,15.9720654761905,19.5732879464286,3.47573326338724,1,40.1578828584034,39.663588006259
"81","5","PZN","cyclopoid",0.612,9,15.9720654761905,19.5732879464286,3.47573326338724,1,40.1578828584034,39.663588006259
"82","5","PZN","cyclopoid",0.646,9,15.9720654761905,19.5732879464286,3.47573326338724,1,40.1578828584034,39.663588006259
"83","5","PZN","cyclopoid",0.629,9,15.9720654761905,19.5732879464286,3.47573326338724,1,40.1578828584034,39.663588006259
"84","5","PZN","cyclopoid",0.476,9,15.9720654761905,19.5732879464286,3.47573326338724,1,40.1578828584034,39.663588006259
"85","5","PZN","cyclopoid",0.544,9,15.9720654761905,19.5732879464286,3.47573326338724,1,40.1578828584034,39.663588006259
"86","5","PZN","cyclopoid",0.476,9,15.9720654761905,19.5732879464286,3.47573326338724,1,40.1578828584034,39.663588006259
"87","5","PZN","cyclopoid",0.68,9,15.9720654761905,19.5732879464286,3.47573326338724,1,40.1578828584034,39.663588006259
"88","5","PZN","cyclopoid",0.493,9,15.9720654761905,19.5732879464286,3.47573326338724,1,40.1578828584034,39.663588006259
"89","5","PZN","cyclopoid",0.527,9,15.9720654761905,19.5732879464286,3.47573326338724,1,40.1578828584034,39.663588006259
"90","5","PZN","cyclopoid",0.561,9,15.9720654761905,19.5732879464286,3.47573326338724,1,40.1578828584034,39.663588006259
"91","5","PZN","cyclopoid",0.476,9,15.9720654761905,19.5732879464286,3.47573326338724,1,40.1578828584034,39.663588006259
"92","5","PZN","cyclopoid",0.595,9,15.9720654761905,19.5732879464286,3.47573326338724,1,40.1578828584034,39.663588006259
"93","5","PZN","cyclopoid",0.51,9,15.9720654761905,19.5732879464286,3.47573326338724,1,40.1578828584034,39.663588006259
"94","5","PZN","cyclopoid",0.527,9,15.9720654761905,19.5732879464286,3.47573326338724,1,40.1578828584034,39.663588006259
"95","5","PZN","cyclopoid",0.544,9,15.9720654761905,19.5732879464286,3.47573326338724,1,40.1578828584034,39.663588006259
"96","7","PZN","Copepod",0.476,8,19.5945595238095,22.7422879464286,3.47573326338724,7,39.6607044697952,39.2385763812235
"97","7","PZN","cyclopoid",0.493,8,19.5945595238095,22.7422879464286,3.47573326338724,7,39.6607044697952,39.2385763812235
"98","7","PZN","cyclopoid",0.646,8,19.5945595238095,22.7422879464286,3.47573326338724,7,39.6607044697952,39.2385763812235
"99","7","PZN","cyclopoid",0.629,9,19.1410654761905,22.7422879464286,3.47573326338724,7,39.7222702526547,39.2385763812235
"100","7","PZN","Daphnia",0.357,9,19.1410654761905,22.7422879464286,3.47573326338724,7,39.7222702526547,39.2385763812235
"101","11","PZ","cyclopoid",0.629,9,16.6415238095238,19.7778563988095,2.91039144008814,1,40.0650645740117,39.6358744390032
"102","11","PZ","cyclopoid",0.561,9,16.6415238095238,19.7778563988095,2.91039144008814,1,40.0650645740117,39.6358744390032
"103","11","PZ","cyclopoid",0.612,9,16.6415238095238,19.7778563988095,2.91039144008814,1,40.0650645740117,39.6358744390032
"104","11","PZ","Daphnia",1.36,9,16.6415238095238,19.7778563988095,2.91039144008814,1,40.0650645740117,39.6358744390032
"105","11","PZ","Daphnia",0.952,9,16.6415238095238,19.7778563988095,2.91039144008814,1,40.0650645740117,39.6358744390032
"106","11","PZ","Daphnia",1.394,9,16.6415238095238,19.7778563988095,2.91039144008814,1,40.0650645740117,39.6358744390032
"107","11","PZ","Daphnia",0.782,9,16.6415238095238,19.7778563988095,2.91039144008814,1,40.0650645740117,39.6358744390032
"108","11","PZ","Daphnia",1.394,9,16.6415238095238,19.7778563988095,2.91039144008814,1,40.0650645740117,39.6358744390032
"109","11","PZ","Daphnia",1.241,9,16.6415238095238,19.7778563988095,2.91039144008814,1,40.0650645740117,39.6358744390032
"110","11","PZ","Daphnia",1.054,9,16.6415238095238,19.7778563988095,2.91039144008814,1,40.0650645740117,39.6358744390032
"111","11","PZ","Daphnia",1.36,9,16.6415238095238,19.7778563988095,2.91039144008814,1,40.0650645740117,39.6358744390032
"112","11","PZ","Daphnia",1.36,9,16.6415238095238,19.7778563988095,2.91039144008814,1,40.0650645740117,39.6358744390032
"113","11","PZ","Daphnia",1.054,9,16.6415238095238,19.7778563988095,2.91039144008814,1,40.0650645740117,39.6358744390032
"114","11","PZ","Daphnia",1.037,9,16.6415238095238,19.7778563988095,2.91039144008814,1,40.0650645740117,39.6358744390032
"115","11","PZ","Daphnia",1.292,9,16.6415238095238,19.7778563988095,2.91039144008814,1,40.0650645740117,39.6358744390032
"116","11","PZ","Daphnia",0.595,9,16.6415238095238,19.7778563988095,2.91039144008814,1,40.0650645740117,39.6358744390032
"117","11","PZ","Daphnia",1.734,9,16.6415238095238,19.7778563988095,2.91039144008814,1,40.0650645740117,39.6358744390032
"118","11","PZ","Daphnia",0.697,9,16.6415238095238,19.7778563988095,2.91039144008814,1,40.0650645740117,39.6358744390032
"119","12","PZ","cyclopoid",0.595,4,22.5092619047619,21.7728563988095,2.91039144008814,6,39.2695182545029,39.3676218920359
"120","12","PZ","cyclopoid",0.544,4,22.5092619047619,21.7728563988095,2.91039144008814,6,39.2695182545029,39.3676218920359
"121","12","PZ","cyclopoid",0.663,4,22.5092619047619,21.7728563988095,2.91039144008814,6,39.2695182545029,39.3676218920359
"122","12","PZ","Daphnia",0.986,4,22.5092619047619,21.7728563988095,2.91039144008814,6,39.2695182545029,39.3676218920359
"123","12","PZ","Daphnia",0.935,4,22.5092619047619,21.7728563988095,2.91039144008814,6,39.2695182545029,39.3676218920359
"124","12","PZ","Daphnia",1.36,4,22.5092619047619,21.7728563988095,2.91039144008814,6,39.2695182545029,39.3676218920359
"125","12","PZ","Daphnia",0.51,4,22.5092619047619,21.7728563988095,2.91039144008814,6,39.2695182545029,39.3676218920359
"126","12","PZ","Daphnia",0.544,4,22.5092619047619,21.7728563988095,2.91039144008814,6,39.2695182545029,39.3676218920359
"127","12","PZ","Daphnia",0.51,4,22.5092619047619,21.7728563988095,2.91039144008814,6,39.2695182545029,39.3676218920359
"128","12","PZ","Daphnia",0.646,4,22.5092619047619,21.7728563988095,2.91039144008814,6,39.2695182545029,39.3676218920359
"129","12","PZ","Daphnia",0.629,4,22.5092619047619,21.7728563988095,2.91039144008814,6,39.2695182545029,39.3676218920359
"130","12","PZ","Daphnia",0.51,4,22.5092619047619,21.7728563988095,2.91039144008814,6,39.2695182545029,39.3676218920359
"131","12","PZ","Daphnia",0.697,4,22.5092619047619,21.7728563988095,2.91039144008814,6,39.2695182545029,39.3676218920359
"132","12","PZ","Daphnia",0.697,4,22.5092619047619,21.7728563988095,2.91039144008814,6,39.2695182545029,39.3676218920359
"133","12","PZ","cyclopoid",0.544,8,18.8618511904762,21.7728563988095,2.91039144008814,6,39.7602711947795,39.3676218920359
"134","12","PZ","cyclopoid",0.527,9,18.6365238095238,21.7728563988095,2.91039144008814,6,39.7909912076821,39.3676218920359
"135","12","PZ","cyclopoid",0.595,9,18.6365238095238,21.7728563988095,2.91039144008814,6,39.7909912076821,39.3676218920359
"136","12","PZ","cyclopoid",0.493,9,18.6365238095238,21.7728563988095,2.91039144008814,6,39.7909912076821,39.3676218920359
"137","12","PZ","cyclopoid",0.527,9,18.6365238095238,21.7728563988095,2.91039144008814,6,39.7909912076821,39.3676218920359
"138","12","PZ","cyclopoid",0.493,9,18.6365238095238,21.7728563988095,2.91039144008814,6,39.7909912076821,39.3676218920359
"139","12","PZ","cyclopoid",0.425,9,18.6365238095238,21.7728563988095,2.91039144008814,6,39.7909912076821,39.3676218920359
"140","12","PZ","cyclopoid",0.51,9,18.6365238095238,21.7728563988095,2.91039144008814,6,39.7909912076821,39.3676218920359
"141","12","PZ","cyclopoid",0.51,9,18.6365238095238,21.7728563988095,2.91039144008814,6,39.7909912076821,39.3676218920359
"142","12","PZ","cyclopoid",0.595,9,18.6365238095238,21.7728563988095,2.91039144008814,6,39.7909912076821,39.3676218920359
"143","12","PZ","cyclopoid",0.51,9,18.6365238095238,21.7728563988095,2.91039144008814,6,39.7909912076821,39.3676218920359
"144","12","PZ","cyclopoid",0.459,9,18.6365238095238,21.7728563988095,2.91039144008814,6,39.7909912076821,39.3676218920359
"145","12","PZ","cyclopoid",0.459,9,18.6365238095238,21.7728563988095,2.91039144008814,6,39.7909912076821,39.3676218920359
"146","12","PZ","Daphnia",0.765,9,18.6365238095238,21.7728563988095,2.91039144008814,6,39.7909912076821,39.3676218920359
"147","13","PZ","Daphnia",1.445,4,22.3272619047619,21.5908563988095,2.91039144008814,7,39.2937187034429,39.3919434452298
"148","13","PZ","Daphnia",0.68,4,22.3272619047619,21.5908563988095,2.91039144008814,7,39.2937187034429,39.3919434452298
"149","13","PZ","Daphnia",0.527,4,22.3272619047619,21.5908563988095,2.91039144008814,7,39.2937187034429,39.3919434452298
"150","13","PZ","Daphnia",0.816,4,22.3272619047619,21.5908563988095,2.91039144008814,7,39.2937187034429,39.3919434452298
"151","13","PZ","Daphnia",0.765,4,22.3272619047619,21.5908563988095,2.91039144008814,7,39.2937187034429,39.3919434452298
"152","13","PZ","Daphnia",0.782,4,22.3272619047619,21.5908563988095,2.91039144008814,7,39.2937187034429,39.3919434452298
"153","13","PZ","Daphnia",0.629,4,22.3272619047619,21.5908563988095,2.91039144008814,7,39.2937187034429,39.3919434452298
"154","13","PZ","Daphnia",0.765,4,22.3272619047619,21.5908563988095,2.91039144008814,7,39.2937187034429,39.3919434452298
"155","13","PZ","Daphnia",1.241,4,22.3272619047619,21.5908563988095,2.91039144008814,7,39.2937187034429,39.3919434452298
"156","13","PZ","Daphnia",0.714,4,22.3272619047619,21.5908563988095,2.91039144008814,7,39.2937187034429,39.3919434452298
"157","13","PZ","Daphnia",0.714,4,22.3272619047619,21.5908563988095,2.91039144008814,7,39.2937187034429,39.3919434452298
"158","13","PZ","Daphnia",1.003,4,22.3272619047619,21.5908563988095,2.91039144008814,7,39.2937187034429,39.3919434452298
"159","13","PZ","Daphnia",0.765,4,22.3272619047619,21.5908563988095,2.91039144008814,7,39.2937187034429,39.3919434452298
"160","13","PZ","Daphnia",0.561,4,22.3272619047619,21.5908563988095,2.91039144008814,7,39.2937187034429,39.3919434452298
"161","13","PZ","Daphnia",0.646,4,22.3272619047619,21.5908563988095,2.91039144008814,7,39.2937187034429,39.3919434452298
"162","13","PZ","Daphnia",0.68,4,22.3272619047619,21.5908563988095,2.91039144008814,7,39.2937187034429,39.3919434452298
"163","13","PZ","Daphnia",0.561,4,22.3272619047619,21.5908563988095,2.91039144008814,7,39.2937187034429,39.3919434452298
"164","13","PZ","Daphnia",0.68,4,22.3272619047619,21.5908563988095,2.91039144008814,7,39.2937187034429,39.3919434452298
"165","13","PZ","Daphnia",0.748,4,22.3272619047619,21.5908563988095,2.91039144008814,7,39.2937187034429,39.3919434452298
"166","13","PZ","Daphnia",0.85,4,22.3272619047619,21.5908563988095,2.91039144008814,7,39.2937187034429,39.3919434452298
"167","13","PZ","Daphnia",0.697,4,22.3272619047619,21.5908563988095,2.91039144008814,7,39.2937187034429,39.3919434452298
"168","13","PZ","Daphnia",0.527,4,22.3272619047619,21.5908563988095,2.91039144008814,7,39.2937187034429,39.3919434452298
"169","13","PZ","Daphnia",0.799,4,22.3272619047619,21.5908563988095,2.91039144008814,7,39.2937187034429,39.3919434452298
"170","13","PZ","Daphnia",1.36,4,22.3272619047619,21.5908563988095,2.91039144008814,7,39.2937187034429,39.3919434452298
"171","13","PZ","Daphnia",0.595,4,22.3272619047619,21.5908563988095,2.91039144008814,7,39.2937187034429,39.3919434452298
"172","13","PZ","Daphnia",1.19,4,22.3272619047619,21.5908563988095,2.91039144008814,7,39.2937187034429,39.3919434452298
"173","13","PZ","Daphnia",0.68,4,22.3272619047619,21.5908563988095,2.91039144008814,7,39.2937187034429,39.3919434452298
"174","13","PZ","Daphnia",0.697,4,22.3272619047619,21.5908563988095,2.91039144008814,7,39.2937187034429,39.3919434452298
"175","13","PZ","Daphnia",0.765,4,22.3272619047619,21.5908563988095,2.91039144008814,7,39.2937187034429,39.3919434452298
"176","13","PZ","Daphnia",0.901,4,22.3272619047619,21.5908563988095,2.91039144008814,7,39.2937187034429,39.3919434452298
"177","13","PZ","Daphnia",0.629,4,22.3272619047619,21.5908563988095,2.91039144008814,7,39.2937187034429,39.3919434452298
"178","13","PZ","Daphnia",0.748,4,22.3272619047619,21.5908563988095,2.91039144008814,7,39.2937187034429,39.3919434452298
"179","13","PZ","Daphnia",0.68,4,22.3272619047619,21.5908563988095,2.91039144008814,7,39.2937187034429,39.3919434452298
"180","13","PZ","Daphnia",0.68,4,22.3272619047619,21.5908563988095,2.91039144008814,7,39.2937187034429,39.3919434452298
"181","13","PZ","Daphnia",1.326,4,22.3272619047619,21.5908563988095,2.91039144008814,7,39.2937187034429,39.3919434452298
"182","13","PZ","Daphnia",0.612,4,22.3272619047619,21.5908563988095,2.91039144008814,7,39.2937187034429,39.3919434452298
"183","13","PZ","Daphnia",0.816,4,22.3272619047619,21.5908563988095,2.91039144008814,7,39.2937187034429,39.3919434452298
"184","13","PZ","Daphnia",0.986,4,22.3272619047619,21.5908563988095,2.91039144008814,7,39.2937187034429,39.3919434452298
"185","13","PZ","Daphnia",0.748,4,22.3272619047619,21.5908563988095,2.91039144008814,7,39.2937187034429,39.3919434452298
"186","13","PZ","Daphnia",0.544,4,22.3272619047619,21.5908563988095,2.91039144008814,7,39.2937187034429,39.3919434452298
"187","13","PZ","Daphnia",0.68,4,22.3272619047619,21.5908563988095,2.91039144008814,7,39.2937187034429,39.3919434452298
"188","13","PZ","Daphnia",1.428,4,22.3272619047619,21.5908563988095,2.91039144008814,7,39.2937187034429,39.3919434452298
"189","13","PZ","Daphnia",0.765,4,22.3272619047619,21.5908563988095,2.91039144008814,7,39.2937187034429,39.3919434452298
"190","13","PZ","Daphnia",0.85,4,22.3272619047619,21.5908563988095,2.91039144008814,7,39.2937187034429,39.3919434452298
"191","13","PZ","Daphnia",0.765,4,22.3272619047619,21.5908563988095,2.91039144008814,7,39.2937187034429,39.3919434452298
"192","13","PZ","Daphnia",0.901,4,22.3272619047619,21.5908563988095,2.91039144008814,7,39.2937187034429,39.3919434452298
"193","13","PZ","Daphnia",0.901,4,22.3272619047619,21.5908563988095,2.91039144008814,7,39.2937187034429,39.3919434452298
"194","13","PZ","Daphnia",0.595,4,22.3272619047619,21.5908563988095,2.91039144008814,7,39.2937187034429,39.3919434452298
"195","13","PZ","Daphnia",0.68,4,22.3272619047619,21.5908563988095,2.91039144008814,7,39.2937187034429,39.3919434452298
"196","13","PZ","cyclopoid",0.51,8,18.6798511904762,21.5908563988095,2.91039144008814,7,39.785080482524,39.3919434452298
"197","13","PZ","cyclopoid",0.459,8,18.6798511904762,21.5908563988095,2.91039144008814,7,39.785080482524,39.3919434452298
"198","13","PZ","cyclopoid",0.425,9,18.4545238095238,21.5908563988095,2.91039144008814,7,39.8158388590588,39.3919434452298
"199","16","PZN","cyclopoid",0.51,8,17.0145595238095,20.1622879464286,3.47573326338724,2,40.0135302648177,39.5838988569508
"200","16","PZN","cyclopoid",0.561,9,16.5610654761905,20.1622879464286,3.47573326338724,2,40.0761971767849,39.5838988569508
"201","18","PZN","cyclopoid",0.561,6,24.5982916666667,24.8652879464286,3.47573326338724,9,38.99386078379,38.9589080176096
"202","18","PZN","cyclopoid",0.476,6,24.5982916666667,24.8652879464286,3.47573326338724,9,38.99386078379,38.9589080176096
"203","18","PZN","cyclopoid",0.544,8,21.7175595238095,24.8652879464286,3.47573326338724,9,39.3750083079329,38.9589080176096
"204","18","PZN","cyclopoid",0.612,8,21.7175595238095,24.8652879464286,3.47573326338724,9,39.3750083079329,38.9589080176096
"205","18","PZN","cyclopoid",0.544,8,21.7175595238095,24.8652879464286,3.47573326338724,9,39.3750083079329,38.9589080176096
"206","18","PZN","cyclopoid",0.663,8,21.7175595238095,24.8652879464286,3.47573326338724,9,39.3750083079329,38.9589080176096
"207","18","PZN","cyclopoid",0.527,8,21.7175595238095,24.8652879464286,3.47573326338724,9,39.3750083079329,38.9589080176096
"208","18","PZN","cyclopoid",0.595,8,21.7175595238095,24.8652879464286,3.47573326338724,9,39.3750083079329,38.9589080176096
"209","18","PZN","cyclopoid",0.544,8,21.7175595238095,24.8652879464286,3.47573326338724,9,39.3750083079329,38.9589080176096
"210","18","PZN","cyclopoid",0.646,8,21.7175595238095,24.8652879464286,3.47573326338724,9,39.3750083079329,38.9589080176096
"211","18","PZN","cyclopoid",0.595,8,21.7175595238095,24.8652879464286,3.47573326338724,9,39.3750083079329,38.9589080176096
"212","18","PZN","cyclopoid",0.51,8,21.7175595238095,24.8652879464286,3.47573326338724,9,39.3750083079329,38.9589080176096
"213","18","PZN","cyclopoid",0.51,8,21.7175595238095,24.8652879464286,3.47573326338724,9,39.3750083079329,38.9589080176096
"214","18","PZN","cyclopoid",0.629,8,21.7175595238095,24.8652879464286,3.47573326338724,9,39.3750083079329,38.9589080176096
"215","18","PZN","cyclopoid",0.51,8,21.7175595238095,24.8652879464286,3.47573326338724,9,39.3750083079329,38.9589080176096
"216","18","PZN","cyclopoid",0.476,8,21.7175595238095,24.8652879464286,3.47573326338724,9,39.3750083079329,38.9589080176096
"217","18","PZN","cyclopoid",0.561,8,21.7175595238095,24.8652879464286,3.47573326338724,9,39.3750083079329,38.9589080176096
"218","18","PZN","cyclopoid",0.612,8,21.7175595238095,24.8652879464286,3.47573326338724,9,39.3750083079329,38.9589080176096
"219","18","PZN","cyclopoid",0.391,8,21.7175595238095,24.8652879464286,3.47573326338724,9,39.3750083079329,38.9589080176096
"220","18","PZN","cyclopoid",0.51,8,21.7175595238095,24.8652879464286,3.47573326338724,9,39.3750083079329,38.9589080176096
"221","18","PZN","cyclopoid",0.578,8,21.7175595238095,24.8652879464286,3.47573326338724,9,39.3750083079329,38.9589080176096
"222","18","PZN","cyclopoid",0.612,8,21.7175595238095,24.8652879464286,3.47573326338724,9,39.3750083079329,38.9589080176096
"223","18","PZN","cyclopoid",0.391,8,21.7175595238095,24.8652879464286,3.47573326338724,9,39.3750083079329,38.9589080176096
"224","18","PZN","cyclopoid",0.544,8,21.7175595238095,24.8652879464286,3.47573326338724,9,39.3750083079329,38.9589080176096
"225","18","PZN","Daphnia",0.442,8,21.7175595238095,24.8652879464286,3.47573326338724,9,39.3750083079329,38.9589080176096
"226","18","PZN","Daphnia",0.544,8,21.7175595238095,24.8652879464286,3.47573326338724,9,39.3750083079329,38.9589080176096
"227","18","PZN","cyclopoid",0.527,9,21.2640654761905,24.8652879464286,3.47573326338724,9,39.4356896278342,38.9589080176096
"228","18","PZN","cyclopoid",0.578,9,21.2640654761905,24.8652879464286,3.47573326338724,9,39.4356896278342,38.9589080176096
"229","18","PZN","cyclopoid",0.578,9,21.2640654761905,24.8652879464286,3.47573326338724,9,39.4356896278342,38.9589080176096
"230","18","PZN","cyclopoid",0.51,9,21.2640654761905,24.8652879464286,3.47573326338724,9,39.4356896278342,38.9589080176096
"231","18","PZN","cyclopoid",0.561,9,21.2640654761905,24.8652879464286,3.47573326338724,9,39.4356896278342,38.9589080176096
"232","18","PZN","Daphnia",0.816,9,21.2640654761905,24.8652879464286,3.47573326338724,9,39.4356896278342,38.9589080176096
"233","18","PZN","Daphnia",0.561,9,21.2640654761905,24.8652879464286,3.47573326338724,9,39.4356896278342,38.9589080176096
"234","18","PZN","Daphnia",0.425,9,21.2640654761905,24.8652879464286,3.47573326338724,9,39.4356896278342,38.9589080176096
"235","18","PZN","Daphnia",0.629,9,21.2640654761905,24.8652879464286,3.47573326338724,9,39.4356896278342,38.9589080176096
"236","18","PZN","Daphnia",0.51,9,21.2640654761905,24.8652879464286,3.47573326338724,9,39.4356896278342,38.9589080176096
"237","18","PZN","Daphnia",0.476,9,21.2640654761905,24.8652879464286,3.47573326338724,9,39.4356896278342,38.9589080176096
"238","18","PZN","Daphnia",1.071,9,21.2640654761905,24.8652879464286,3.47573326338724,9,39.4356896278342,38.9589080176096
"239","19","PZ","cyclopoid",0.561,4,21.5412619047619,20.8048563988095,2.91039144008814,4,39.398576212035,39.4973265485844
"240","19","PZ","Daphnia",0.51,4,21.5412619047619,20.8048563988095,2.91039144008814,4,39.398576212035,39.4973265485844
"241","19","PZ","Daphnia",1.53,4,21.5412619047619,20.8048563988095,2.91039144008814,4,39.398576212035,39.4973265485844
"242","19","PZ","Daphnia",0.646,4,21.5412619047619,20.8048563988095,2.91039144008814,4,39.398576212035,39.4973265485844
"243","19","PZ","Daphnia",0.629,4,21.5412619047619,20.8048563988095,2.91039144008814,4,39.398576212035,39.4973265485844
"244","19","PZ","Daphnia",0.714,4,21.5412619047619,20.8048563988095,2.91039144008814,4,39.398576212035,39.4973265485844
"245","19","PZ","Daphnia",0.935,4,21.5412619047619,20.8048563988095,2.91039144008814,4,39.398576212035,39.4973265485844
"246","19","PZ","cyclopoid",0.527,5,22.1437976190476,20.8048563988095,2.91039144008814,4,39.3181440652263,39.4973265485844
"247","19","PZ","cyclopoid",0.629,5,22.1437976190476,20.8048563988095,2.91039144008814,4,39.3181440652263,39.4973265485844
"248","19","PZ","cyclopoid",0.374,5,22.1437976190476,20.8048563988095,2.91039144008814,4,39.3181440652263,39.4973265485844
"249","19","PZ","cyclopoid",0.765,6,20.9742023809524,20.8048563988095,2.91039144008814,4,39.4745738257189,39.4973265485844
"250","19","PZ","Daphnia",0.85,6,20.9742023809524,20.8048563988095,2.91039144008814,4,39.4745738257189,39.4973265485844
"251","19","PZ","Daphnia",0.765,6,20.9742023809524,20.8048563988095,2.91039144008814,4,39.4745738257189,39.4973265485844
"252","19","PZ","Daphnia",0.714,6,20.9742023809524,20.8048563988095,2.91039144008814,4,39.4745738257189,39.4973265485844
"253","19","PZ","Daphnia",0.697,6,20.9742023809524,20.8048563988095,2.91039144008814,4,39.4745738257189,39.4973265485844
"254","19","PZ","Daphnia",0.748,6,20.9742023809524,20.8048563988095,2.91039144008814,4,39.4745738257189,39.4973265485844
"255","19","PZ","Daphnia",0.663,6,20.9742023809524,20.8048563988095,2.91039144008814,4,39.4745738257189,39.4973265485844
"256","19","PZ","Daphnia",0.85,6,20.9742023809524,20.8048563988095,2.91039144008814,4,39.4745738257189,39.4973265485844
"257","19","PZ","Daphnia",0.782,6,20.9742023809524,20.8048563988095,2.91039144008814,4,39.4745738257189,39.4973265485844
"258","19","PZ","Daphnia",0.833,6,20.9742023809524,20.8048563988095,2.91039144008814,4,39.4745738257189,39.4973265485844
"259","19","PZ","Daphnia",0.884,6,20.9742023809524,20.8048563988095,2.91039144008814,4,39.4745738257189,39.4973265485844
"260","19","PZ","Daphnia",0.799,6,20.9742023809524,20.8048563988095,2.91039144008814,4,39.4745738257189,39.4973265485844
"261","19","PZ","Daphnia",0.612,6,20.9742023809524,20.8048563988095,2.91039144008814,4,39.4745738257189,39.4973265485844
"262","19","PZ","Daphnia",0.986,6,20.9742023809524,20.8048563988095,2.91039144008814,4,39.4745738257189,39.4973265485844
"263","19","PZ","Daphnia",0.901,6,20.9742023809524,20.8048563988095,2.91039144008814,4,39.4745738257189,39.4973265485844
"264","19","PZ","Daphnia",0.833,6,20.9742023809524,20.8048563988095,2.91039144008814,4,39.4745738257189,39.4973265485844
"265","19","PZ","Daphnia",0.612,6,20.9742023809524,20.8048563988095,2.91039144008814,4,39.4745738257189,39.4973265485844
"266","19","PZ","Daphnia",0.561,6,20.9742023809524,20.8048563988095,2.91039144008814,4,39.4745738257189,39.4973265485844
"267","19","PZ","Daphnia",0.612,6,20.9742023809524,20.8048563988095,2.91039144008814,4,39.4745738257189,39.4973265485844
"268","19","PZ","Daphnia",0.816,6,20.9742023809524,20.8048563988095,2.91039144008814,4,39.4745738257189,39.4973265485844
"269","19","PZ","Daphnia",0.595,6,20.9742023809524,20.8048563988095,2.91039144008814,4,39.4745738257189,39.4973265485844
"270","19","PZ","Daphnia",1.19,6,20.9742023809524,20.8048563988095,2.91039144008814,4,39.4745738257189,39.4973265485844
"271","19","PZ","Daphnia",0.663,6,20.9742023809524,20.8048563988095,2.91039144008814,4,39.4745738257189,39.4973265485844
"272","19","PZ","Daphnia",0.799,7,18.3079642857143,20.8048563988095,2.91039144008814,4,39.8358705475077,39.4973265485844
"273","19","PZ","Daphnia",0.578,7,18.3079642857143,20.8048563988095,2.91039144008814,4,39.8358705475077,39.4973265485844
"274","19","PZ","cyclopoid",0.595,8,17.8938511904762,20.8048563988095,2.91039144008814,4,39.8925804284022,39.4973265485844
"275","19","PZ","cyclopoid",0.476,8,17.8938511904762,20.8048563988095,2.91039144008814,4,39.8925804284022,39.4973265485844
"276","19","PZ","cyclopoid",0.544,8,17.8938511904762,20.8048563988095,2.91039144008814,4,39.8925804284022,39.4973265485844
"277","19","PZ","cyclopoid",0.51,8,17.8938511904762,20.8048563988095,2.91039144008814,4,39.8925804284022,39.4973265485844
"278","19","PZ","cyclopoid",0.561,8,17.8938511904762,20.8048563988095,2.91039144008814,4,39.8925804284022,39.4973265485844
"279","19","PZ","cyclopoid",0.459,8,17.8938511904762,20.8048563988095,2.91039144008814,4,39.8925804284022,39.4973265485844
"280","19","PZ","cyclopoid",0.612,8,17.8938511904762,20.8048563988095,2.91039144008814,4,39.8925804284022,39.4973265485844
"281","19","PZ","cyclopoid",0.51,8,17.8938511904762,20.8048563988095,2.91039144008814,4,39.8925804284022,39.4973265485844
"282","19","PZ","cyclopoid",0.561,8,17.8938511904762,20.8048563988095,2.91039144008814,4,39.8925804284022,39.4973265485844
"283","19","PZ","cyclopoid",0.544,8,17.8938511904762,20.8048563988095,2.91039144008814,4,39.8925804284022,39.4973265485844
"284","19","PZ","cyclopoid",0.493,8,17.8938511904762,20.8048563988095,2.91039144008814,4,39.8925804284022,39.4973265485844
"285","19","PZ","cyclopoid",0.595,8,17.8938511904762,20.8048563988095,2.91039144008814,4,39.8925804284022,39.4973265485844
"286","19","PZ","cyclopoid",0.595,8,17.8938511904762,20.8048563988095,2.91039144008814,4,39.8925804284022,39.4973265485844
"287","19","PZ","cyclopoid",0.493,8,17.8938511904762,20.8048563988095,2.91039144008814,4,39.8925804284022,39.4973265485844
"288","19","PZ","cyclopoid",0.527,8,17.8938511904762,20.8048563988095,2.91039144008814,4,39.8925804284022,39.4973265485844
"289","19","PZ","cyclopoid",0.527,8,17.8938511904762,20.8048563988095,2.91039144008814,4,39.8925804284022,39.4973265485844
"290","19","PZ","cyclopoid",0.612,8,17.8938511904762,20.8048563988095,2.91039144008814,4,39.8925804284022,39.4973265485844
"291","19","PZ","cyclopoid",0.595,8,17.8938511904762,20.8048563988095,2.91039144008814,4,39.8925804284022,39.4973265485844
"292","19","PZ","cyclopoid",0.612,8,17.8938511904762,20.8048563988095,2.91039144008814,4,39.8925804284022,39.4973265485844
"293","19","PZ","cyclopoid",0.595,8,17.8938511904762,20.8048563988095,2.91039144008814,4,39.8925804284022,39.4973265485844
"294","19","PZ","cyclopoid",0.578,8,17.8938511904762,20.8048563988095,2.91039144008814,4,39.8925804284022,39.4973265485844
"295","19","PZ","cyclopoid",0.646,8,17.8938511904762,20.8048563988095,2.91039144008814,4,39.8925804284022,39.4973265485844
"296","19","PZ","cyclopoid",0.663,8,17.8938511904762,20.8048563988095,2.91039144008814,4,39.8925804284022,39.4973265485844
"297","19","PZ","Daphnia",1.377,8,17.8938511904762,20.8048563988095,2.91039144008814,4,39.8925804284022,39.4973265485844
"298","19","PZ","Daphnia",1.292,8,17.8938511904762,20.8048563988095,2.91039144008814,4,39.8925804284022,39.4973265485844
"299","19","PZ","Daphnia",1.428,8,17.8938511904762,20.8048563988095,2.91039144008814,4,39.8925804284022,39.4973265485844
"300","19","PZ","Daphnia",0.986,8,17.8938511904762,20.8048563988095,2.91039144008814,4,39.8925804284022,39.4973265485844
"301","19","PZ","Daphnia",1.36,8,17.8938511904762,20.8048563988095,2.91039144008814,4,39.8925804284022,39.4973265485844
"302","19","PZ","Daphnia",0.68,8,17.8938511904762,20.8048563988095,2.91039144008814,4,39.8925804284022,39.4973265485844
"303","19","PZ","Daphnia",0.646,8,17.8938511904762,20.8048563988095,2.91039144008814,4,39.8925804284022,39.4973265485844
"304","19","PZ","Daphnia",0.901,8,17.8938511904762,20.8048563988095,2.91039144008814,4,39.8925804284022,39.4973265485844
"305","19","PZ","Daphnia",1.105,8,17.8938511904762,20.8048563988095,2.91039144008814,4,39.8925804284022,39.4973265485844
"306","19","PZ","Daphnia",0.986,8,17.8938511904762,20.8048563988095,2.91039144008814,4,39.8925804284022,39.4973265485844
"307","19","PZ","Daphnia",1.292,8,17.8938511904762,20.8048563988095,2.91039144008814,4,39.8925804284022,39.4973265485844
"308","19","PZ","Daphnia",0.714,8,17.8938511904762,20.8048563988095,2.91039144008814,4,39.8925804284022,39.4973265485844
"309","19","PZ","Daphnia",0.748,8,17.8938511904762,20.8048563988095,2.91039144008814,4,39.8925804284022,39.4973265485844
"310","19","PZ","Daphnia",0.816,8,17.8938511904762,20.8048563988095,2.91039144008814,4,39.8925804284022,39.4973265485844
"311","19","PZ","Daphnia",0.663,8,17.8938511904762,20.8048563988095,2.91039144008814,4,39.8925804284022,39.4973265485844
"312","19","PZ","Daphnia",0.901,8,17.8938511904762,20.8048563988095,2.91039144008814,4,39.8925804284022,39.4973265485844
"313","19","PZ","Daphnia",0.833,8,17.8938511904762,20.8048563988095,2.91039144008814,4,39.8925804284022,39.4973265485844
"314","19","PZ","Daphnia",1.326,8,17.8938511904762,20.8048563988095,2.91039144008814,4,39.8925804284022,39.4973265485844
"315","19","PZ","Daphnia",1.326,8,17.8938511904762,20.8048563988095,2.91039144008814,4,39.8925804284022,39.4973265485844
"316","19","PZ","Daphnia",1.53,8,17.8938511904762,20.8048563988095,2.91039144008814,4,39.8925804284022,39.4973265485844
"317","19","PZ","Daphnia",1.513,8,17.8938511904762,20.8048563988095,2.91039144008814,4,39.8925804284022,39.4973265485844
"318","19","PZ","Daphnia",1.037,8,17.8938511904762,20.8048563988095,2.91039144008814,4,39.8925804284022,39.4973265485844
"319","19","PZ","Daphnia",1.037,8,17.8938511904762,20.8048563988095,2.91039144008814,4,39.8925804284022,39.4973265485844
"320","19","PZ","Daphnia",0.782,8,17.8938511904762,20.8048563988095,2.91039144008814,4,39.8925804284022,39.4973265485844
"321","19","PZ","Daphnia",0.68,8,17.8938511904762,20.8048563988095,2.91039144008814,4,39.8925804284022,39.4973265485844
"322","19","PZ","Daphnia",1.87,8,17.8938511904762,20.8048563988095,2.91039144008814,4,39.8925804284022,39.4973265485844
"323","19","PZ","Daphnia",1.598,8,17.8938511904762,20.8048563988095,2.91039144008814,4,39.8925804284022,39.4973265485844
"324","19","PZ","Daphnia",0.833,8,17.8938511904762,20.8048563988095,2.91039144008814,4,39.8925804284022,39.4973265485844
"325","19","PZ","Daphnia",0.85,8,17.8938511904762,20.8048563988095,2.91039144008814,4,39.8925804284022,39.4973265485844
"326","19","PZ","Daphnia",0.901,8,17.8938511904762,20.8048563988095,2.91039144008814,4,39.8925804284022,39.4973265485844
"327","19","PZ","Daphnia",0.595,8,17.8938511904762,20.8048563988095,2.91039144008814,4,39.8925804284022,39.4973265485844
"328","19","PZ","Daphnia",1.581,8,17.8938511904762,20.8048563988095,2.91039144008814,4,39.8925804284022,39.4973265485844
"329","19","PZ","Daphnia",1.292,8,17.8938511904762,20.8048563988095,2.91039144008814,4,39.8925804284022,39.4973265485844
"330","19","PZ","Daphnia",1.53,8,17.8938511904762,20.8048563988095,2.91039144008814,4,39.8925804284022,39.4973265485844
"331","19","PZ","cyclopoid",0.493,9,17.6685238095238,20.8048563988095,2.91039144008814,4,39.9235053133865,39.4973265485844
"332","19","PZ","cyclopoid",0.646,9,17.6685238095238,20.8048563988095,2.91039144008814,4,39.9235053133865,39.4973265485844
"333","19","PZ","cyclopoid",0.595,9,17.6685238095238,20.8048563988095,2.91039144008814,4,39.9235053133865,39.4973265485844
"334","19","PZ","cyclopoid",0.459,9,17.6685238095238,20.8048563988095,2.91039144008814,4,39.9235053133865,39.4973265485844
"335","19","PZ","cyclopoid",0.408,9,17.6685238095238,20.8048563988095,2.91039144008814,4,39.9235053133865,39.4973265485844
"336","19","PZ","cyclopoid",0.476,9,17.6685238095238,20.8048563988095,2.91039144008814,4,39.9235053133865,39.4973265485844
"337","19","PZ","cyclopoid",0.799,9,17.6685238095238,20.8048563988095,2.91039144008814,4,39.9235053133865,39.4973265485844
"338","20","PZ","cyclopoid",0.544,4,23.8232619047619,23.0868563988095,2.91039144008814,8,39.0956769367595,39.1929128360673
"339","20","PZ","cyclopoid",0.561,4,23.8232619047619,23.0868563988095,2.91039144008814,8,39.0956769367595,39.1929128360673
"340","20","PZ","cyclopoid",0.561,4,23.8232619047619,23.0868563988095,2.91039144008814,8,39.0956769367595,39.1929128360673
"341","20","PZ","Daphnia",0.527,4,23.8232619047619,23.0868563988095,2.91039144008814,8,39.0956769367595,39.1929128360673
"342","20","PZ","cyclopoid",0.357,5,24.4257976190476,23.0868563988095,2.91039144008814,8,39.0164755298299,39.1929128360673
"343","20","PZ","cyclopoid",0.425,5,24.4257976190476,23.0868563988095,2.91039144008814,8,39.0164755298299,39.1929128360673
"344","20","PZ","cyclopoid",0.408,5,24.4257976190476,23.0868563988095,2.91039144008814,8,39.0164755298299,39.1929128360673
"345","20","PZ","cyclopoid",0.374,5,24.4257976190476,23.0868563988095,2.91039144008814,8,39.0164755298299,39.1929128360673
"346","20","PZ","cyclopoid",0.493,5,24.4257976190476,23.0868563988095,2.91039144008814,8,39.0164755298299,39.1929128360673
"347","20","PZ","cyclopoid",0.442,5,24.4257976190476,23.0868563988095,2.91039144008814,8,39.0164755298299,39.1929128360673
"348","20","PZ","cyclopoid",0.425,5,24.4257976190476,23.0868563988095,2.91039144008814,8,39.0164755298299,39.1929128360673
"349","20","PZ","cyclopoid",0.51,6,23.2562023809524,23.0868563988095,2.91039144008814,8,39.1705093816791,39.1929128360673
"350","20","PZ","cyclopoid",0.595,6,23.2562023809524,23.0868563988095,2.91039144008814,8,39.1705093816791,39.1929128360673
"351","20","PZ","cyclopoid",0.51,6,23.2562023809524,23.0868563988095,2.91039144008814,8,39.1705093816791,39.1929128360673
"352","20","PZ","cyclopoid",0.493,6,23.2562023809524,23.0868563988095,2.91039144008814,8,39.1705093816791,39.1929128360673
"353","20","PZ","cyclopoid",0.561,6,23.2562023809524,23.0868563988095,2.91039144008814,8,39.1705093816791,39.1929128360673
"354","20","PZ","cyclopoid",0.578,6,23.2562023809524,23.0868563988095,2.91039144008814,8,39.1705093816791,39.1929128360673
"355","20","PZ","cyclopoid",0.663,6,23.2562023809524,23.0868563988095,2.91039144008814,8,39.1705093816791,39.1929128360673
"356","20","PZ","cyclopoid",0.391,6,23.2562023809524,23.0868563988095,2.91039144008814,8,39.1705093816791,39.1929128360673
"357","20","PZ","Daphnia",0.816,6,23.2562023809524,23.0868563988095,2.91039144008814,8,39.1705093816791,39.1929128360673
"358","20","PZ","calanoid",0.595,7,20.5899642857143,23.0868563988095,2.91039144008814,8,39.5262364739774,39.1929128360673
"359","20","PZ","calanoid",0.476,7,20.5899642857143,23.0868563988095,2.91039144008814,8,39.5262364739774,39.1929128360673
"360","20","PZ","cyclopoid",0.595,7,20.5899642857143,23.0868563988095,2.91039144008814,8,39.5262364739774,39.1929128360673
"361","20","PZ","cyclopoid",0.51,7,20.5899642857143,23.0868563988095,2.91039144008814,8,39.5262364739774,39.1929128360673
"362","20","PZ","cyclopoid",0.374,9,19.9505238095238,23.0868563988095,2.91039144008814,8,39.6125127336825,39.1929128360673
"363","21","PZ","Daphnia",1.36,4,20.3042619047619,19.5678563988095,2.91039144008814,2,39.564738266612,39.6643243642091
"364","21","PZ","Daphnia",1.275,4,20.3042619047619,19.5678563988095,2.91039144008814,2,39.564738266612,39.6643243642091
"365","21","PZ","cyclopoid",0.374,5,20.9067976190476,19.5678563988095,2.91039144008814,2,39.4836269482447,39.6643243642091
"366","21","PZ","cyclopoid",0.374,5,20.9067976190476,19.5678563988095,2.91039144008814,2,39.4836269482447,39.6643243642091
"367","21","PZ","cyclopoid",0.374,5,20.9067976190476,19.5678563988095,2.91039144008814,2,39.4836269482447,39.6643243642091
"368","21","PZ","cyclopoid",0.391,5,20.9067976190476,19.5678563988095,2.91039144008814,2,39.4836269482447,39.6643243642091
"369","21","PZ","cyclopoid",0.357,5,20.9067976190476,19.5678563988095,2.91039144008814,2,39.4836269482447,39.6643243642091
"370","21","PZ","cyclopoid",0.493,5,20.9067976190476,19.5678563988095,2.91039144008814,2,39.4836269482447,39.6643243642091
"371","21","PZ","Daphnia",0.833,5,20.9067976190476,19.5678563988095,2.91039144008814,2,39.4836269482447,39.6643243642091
"372","21","PZ","Daphnia",0.595,5,20.9067976190476,19.5678563988095,2.91039144008814,2,39.4836269482447,39.6643243642091
"373","21","PZ","Daphnia",0.901,5,20.9067976190476,19.5678563988095,2.91039144008814,2,39.4836269482447,39.6643243642091
"374","21","PZ","Daphnia",0.629,5,20.9067976190476,19.5678563988095,2.91039144008814,2,39.4836269482447,39.6643243642091
"375","21","PZ","Daphnia",0.85,5,20.9067976190476,19.5678563988095,2.91039144008814,2,39.4836269482447,39.6643243642091
"376","21","PZ","Daphnia",0.782,5,20.9067976190476,19.5678563988095,2.91039144008814,2,39.4836269482447,39.6643243642091
"377","21","PZ","Bosmina",1.53,6,19.7372023809524,19.5678563988095,2.91039144008814,2,39.6413788898694,39.6643243642091
"378","21","PZ","cyclopoid",0.527,6,19.7372023809524,19.5678563988095,2.91039144008814,2,39.6413788898694,39.6643243642091
"379","21","PZ","cyclopoid",0.544,6,19.7372023809524,19.5678563988095,2.91039144008814,2,39.6413788898694,39.6643243642091
"380","21","PZ","Daphnia",0.935,6,19.7372023809524,19.5678563988095,2.91039144008814,2,39.6413788898694,39.6643243642091
"381","21","PZ","Daphnia",0.986,6,19.7372023809524,19.5678563988095,2.91039144008814,2,39.6413788898694,39.6643243642091
"382","21","PZ","Daphnia",0.697,7,17.0709642857143,19.5678563988095,2.91039144008814,2,40.0057495700035,39.6643243642091
"383","21","PZ","Daphnia",0.816,7,17.0709642857143,19.5678563988095,2.91039144008814,2,40.0057495700035,39.6643243642091
"384","21","PZ","Daphnia",0.952,7,17.0709642857143,19.5678563988095,2.91039144008814,2,40.0057495700035,39.6643243642091
"385","21","PZ","Daphnia",1.054,7,17.0709642857143,19.5678563988095,2.91039144008814,2,40.0057495700035,39.6643243642091
"386","21","PZ","calanoid",1.326,8,16.6568511904762,19.5678563988095,2.91039144008814,2,40.0629445050229,39.6643243642091
"387","21","PZ","calanoid",0.34,8,16.6568511904762,19.5678563988095,2.91039144008814,2,40.0629445050229,39.6643243642091
"388","21","PZ","cyclopoid",0.493,8,16.6568511904762,19.5678563988095,2.91039144008814,2,40.0629445050229,39.6643243642091
"389","21","PZ","cyclopoid",0.408,8,16.6568511904762,19.5678563988095,2.91039144008814,2,40.0629445050229,39.6643243642091
"390","21","PZ","cyclopoid",0.697,8,16.6568511904762,19.5678563988095,2.91039144008814,2,40.0629445050229,39.6643243642091
"391","21","PZ","cyclopoid",0.561,8,16.6568511904762,19.5678563988095,2.91039144008814,2,40.0629445050229,39.6643243642091
"392","21","PZ","cyclopoid",1.326,8,16.6568511904762,19.5678563988095,2.91039144008814,2,40.0629445050229,39.6643243642091
"393","21","PZ","cyclopoid",0.544,8,16.6568511904762,19.5678563988095,2.91039144008814,2,40.0629445050229,39.6643243642091
"394","21","PZ","cyclopoid",0.527,8,16.6568511904762,19.5678563988095,2.91039144008814,2,40.0629445050229,39.6643243642091
"395","21","PZ","cyclopoid",0.578,8,16.6568511904762,19.5678563988095,2.91039144008814,2,40.0629445050229,39.6643243642091
"396","21","PZ","cyclopoid",0.476,8,16.6568511904762,19.5678563988095,2.91039144008814,2,40.0629445050229,39.6643243642091
"397","21","PZ","cyclopoid",0.527,8,16.6568511904762,19.5678563988095,2.91039144008814,2,40.0629445050229,39.6643243642091
"398","21","PZ","cyclopoid",0.595,8,16.6568511904762,19.5678563988095,2.91039144008814,2,40.0629445050229,39.6643243642091
"399","21","PZ","cyclopoid",0.561,8,16.6568511904762,19.5678563988095,2.91039144008814,2,40.0629445050229,39.6643243642091
"400","21","PZ","cyclopoid",0.425,8,16.6568511904762,19.5678563988095,2.91039144008814,2,40.0629445050229,39.6643243642091
"401","21","PZ","cyclopoid",0.544,8,16.6568511904762,19.5678563988095,2.91039144008814,2,40.0629445050229,39.6643243642091
"402","21","PZ","Daphnia",0.782,8,16.6568511904762,19.5678563988095,2.91039144008814,2,40.0629445050229,39.6643243642091
"403","21","PZ","Daphnia",0.68,8,16.6568511904762,19.5678563988095,2.91039144008814,2,40.0629445050229,39.6643243642091
"404","21","PZ","Daphnia",1.156,8,16.6568511904762,19.5678563988095,2.91039144008814,2,40.0629445050229,39.6643243642091
"405","21","PZ","Daphnia",1.003,8,16.6568511904762,19.5678563988095,2.91039144008814,2,40.0629445050229,39.6643243642091
"406","21","PZ","Daphnia",0.476,8,16.6568511904762,19.5678563988095,2.91039144008814,2,40.0629445050229,39.6643243642091
"407","21","PZ","Daphnia",0.561,8,16.6568511904762,19.5678563988095,2.91039144008814,2,40.0629445050229,39.6643243642091
"408","21","PZ","Daphnia",1.615,8,16.6568511904762,19.5678563988095,2.91039144008814,2,40.0629445050229,39.6643243642091
"409","21","PZ","Daphnia",1.054,8,16.6568511904762,19.5678563988095,2.91039144008814,2,40.0629445050229,39.6643243642091
"410","21","PZ","Daphnia",1.938,8,16.6568511904762,19.5678563988095,2.91039144008814,2,40.0629445050229,39.6643243642091
"411","21","PZ","Daphnia",1.751,8,16.6568511904762,19.5678563988095,2.91039144008814,2,40.0629445050229,39.6643243642091
"412","21","PZ","Daphnia",0.918,8,16.6568511904762,19.5678563988095,2.91039144008814,2,40.0629445050229,39.6643243642091
"413","21","PZ","Daphnia",0.867,8,16.6568511904762,19.5678563988095,2.91039144008814,2,40.0629445050229,39.6643243642091
"414","21","PZ","Daphnia",1.632,8,16.6568511904762,19.5678563988095,2.91039144008814,2,40.0629445050229,39.6643243642091
"415","21","PZ","Daphnia",1.105,8,16.6568511904762,19.5678563988095,2.91039144008814,2,40.0629445050229,39.6643243642091
"416","21","PZ","Daphnia",1.462,8,16.6568511904762,19.5678563988095,2.91039144008814,2,40.0629445050229,39.6643243642091
"417","21","PZ","Daphnia",1.377,8,16.6568511904762,19.5678563988095,2.91039144008814,2,40.0629445050229,39.6643243642091
"418","21","PZ","Daphnia",1.581,8,16.6568511904762,19.5678563988095,2.91039144008814,2,40.0629445050229,39.6643243642091
"419","21","PZ","Daphnia",0.476,8,16.6568511904762,19.5678563988095,2.91039144008814,2,40.0629445050229,39.6643243642091
"420","21","PZ","Daphnia",0.918,8,16.6568511904762,19.5678563988095,2.91039144008814,2,40.0629445050229,39.6643243642091
"421","21","PZ","Daphnia",0.816,8,16.6568511904762,19.5678563988095,2.91039144008814,2,40.0629445050229,39.6643243642091
"422","21","PZ","Daphnia",0.816,8,16.6568511904762,19.5678563988095,2.91039144008814,2,40.0629445050229,39.6643243642091
"423","21","PZ","Daphnia",0.527,8,16.6568511904762,19.5678563988095,2.91039144008814,2,40.0629445050229,39.6643243642091
"424","21","PZ","Daphnia",0.765,8,16.6568511904762,19.5678563988095,2.91039144008814,2,40.0629445050229,39.6643243642091
"425","21","PZ","Daphnia",1.003,8,16.6568511904762,19.5678563988095,2.91039144008814,2,40.0629445050229,39.6643243642091
"426","21","PZ","Daphnia",0.85,8,16.6568511904762,19.5678563988095,2.91039144008814,2,40.0629445050229,39.6643243642091
"427","21","PZ","Daphnia",0.425,8,16.6568511904762,19.5678563988095,2.91039144008814,2,40.0629445050229,39.6643243642091
"428","21","PZ","Daphnia",1.19,8,16.6568511904762,19.5678563988095,2.91039144008814,2,40.0629445050229,39.6643243642091
"429","21","PZ","Daphnia",0.663,8,16.6568511904762,19.5678563988095,2.91039144008814,2,40.0629445050229,39.6643243642091
"430","21","PZ","Daphnia",0.782,8,16.6568511904762,19.5678563988095,2.91039144008814,2,40.0629445050229,39.6643243642091
"431","21","PZ","Daphnia",1.445,8,16.6568511904762,19.5678563988095,2.91039144008814,2,40.0629445050229,39.6643243642091
"432","21","PZ","Daphnia",1.581,8,16.6568511904762,19.5678563988095,2.91039144008814,2,40.0629445050229,39.6643243642091
"433","21","PZ","Daphnia",1.088,8,16.6568511904762,19.5678563988095,2.91039144008814,2,40.0629445050229,39.6643243642091
"434","22","PZ","cyclopoid",0.425,5,23.8297976190476,22.4908563988095,2.91039144008814,5,39.0948161128924,39.2719642704669
"435","22","PZ","cyclopoid",0.476,5,23.8297976190476,22.4908563988095,2.91039144008814,5,39.0948161128924,39.2719642704669
"436","22","PZ","cyclopoid",0.51,5,23.8297976190476,22.4908563988095,2.91039144008814,5,39.0948161128924,39.2719642704669
"437","22","PZ","Daphnia",0.765,5,23.8297976190476,22.4908563988095,2.91039144008814,5,39.0948161128924,39.2719642704669
"438","22","PZ","cyclopoid",0.51,6,22.6602023809524,22.4908563988095,2.91039144008814,5,39.2494703761027,39.2719642704669
"439","22","PZ","Daphnia",0.697,6,22.6602023809524,22.4908563988095,2.91039144008814,5,39.2494703761027,39.2719642704669
"440","22","PZ","Daphnia",0.867,6,22.6602023809524,22.4908563988095,2.91039144008814,5,39.2494703761027,39.2719642704669
"441","22","PZ","Daphnia",0.68,6,22.6602023809524,22.4908563988095,2.91039144008814,5,39.2494703761027,39.2719642704669
"442","22","PZ","cyclopoid",0.595,7,19.9939642857143,22.4908563988095,2.91039144008814,5,39.6066396215164,39.2719642704669
"443","22","PZ","cyclopoid",0.578,7,19.9939642857143,22.4908563988095,2.91039144008814,5,39.6066396215164,39.2719642704669
"444","22","PZ","cyclopoid",0.595,7,19.9939642857143,22.4908563988095,2.91039144008814,5,39.6066396215164,39.2719642704669
"445","22","PZ","cyclopoid",0.51,7,19.9939642857143,22.4908563988095,2.91039144008814,5,39.6066396215164,39.2719642704669
"446","22","PZ","cyclopoid",0.425,7,19.9939642857143,22.4908563988095,2.91039144008814,5,39.6066396215164,39.2719642704669
"447","22","PZ","cyclopoid",0.561,8,19.5798511904762,22.4908563988095,2.91039144008814,5,39.6626982600689,39.2719642704669
"448","22","PZ","cyclopoid",0.459,8,19.5798511904762,22.4908563988095,2.91039144008814,5,39.6626982600689,39.2719642704669
"449","22","PZ","cyclopoid",0.595,8,19.5798511904762,22.4908563988095,2.91039144008814,5,39.6626982600689,39.2719642704669
"450","22","PZ","cyclopoid",0.68,8,19.5798511904762,22.4908563988095,2.91039144008814,5,39.6626982600689,39.2719642704669
"451","22","PZ","cyclopoid",0.68,8,19.5798511904762,22.4908563988095,2.91039144008814,5,39.6626982600689,39.2719642704669
"452","22","PZ","cyclopoid",0.561,8,19.5798511904762,22.4908563988095,2.91039144008814,5,39.6626982600689,39.2719642704669
"453","22","PZ","cyclopoid",0.493,8,19.5798511904762,22.4908563988095,2.91039144008814,5,39.6626982600689,39.2719642704669
"454","22","PZ","cyclopoid",0.544,8,19.5798511904762,22.4908563988095,2.91039144008814,5,39.6626982600689,39.2719642704669
"455","22","PZ","Daphnia",1.326,8,19.5798511904762,22.4908563988095,2.91039144008814,5,39.6626982600689,39.2719642704669
"456","22","PZ","Daphnia",0.816,8,19.5798511904762,22.4908563988095,2.91039144008814,5,39.6626982600689,39.2719642704669
"457","22","PZ","Daphnia",0.595,8,19.5798511904762,22.4908563988095,2.91039144008814,5,39.6626982600689,39.2719642704669
"458","22","PZ","Daphnia",0.986,8,19.5798511904762,22.4908563988095,2.91039144008814,5,39.6626982600689,39.2719642704669
"459","22","PZ","Daphnia",0.527,8,19.5798511904762,22.4908563988095,2.91039144008814,5,39.6626982600689,39.2719642704669
"460","22","PZ","Daphnia",1.105,8,19.5798511904762,22.4908563988095,2.91039144008814,5,39.6626982600689,39.2719642704669
"461","22","PZ","Daphnia",0.646,8,19.5798511904762,22.4908563988095,2.91039144008814,5,39.6626982600689,39.2719642704669
"462","22","PZ","Daphnia",0.646,8,19.5798511904762,22.4908563988095,2.91039144008814,5,39.6626982600689,39.2719642704669
"463","22","PZ","Daphnia",1.462,8,19.5798511904762,22.4908563988095,2.91039144008814,5,39.6626982600689,39.2719642704669
"464","22","PZ","Daphnia",0.697,8,19.5798511904762,22.4908563988095,2.91039144008814,5,39.6626982600689,39.2719642704669
"465","22","PZ","Daphnia",0.765,8,19.5798511904762,22.4908563988095,2.91039144008814,5,39.6626982600689,39.2719642704669
"466","22","PZ","Daphnia",1.19,8,19.5798511904762,22.4908563988095,2.91039144008814,5,39.6626982600689,39.2719642704669
"467","22","PZ","Daphnia",0.663,8,19.5798511904762,22.4908563988095,2.91039144008814,5,39.6626982600689,39.2719642704669
"468","22","PZ","Daphnia",0.663,8,19.5798511904762,22.4908563988095,2.91039144008814,5,39.6626982600689,39.2719642704669
"469","22","PZ","Daphnia",1.241,8,19.5798511904762,22.4908563988095,2.91039144008814,5,39.6626982600689,39.2719642704669
"470","22","PZ","Daphnia",0.68,8,19.5798511904762,22.4908563988095,2.91039144008814,5,39.6626982600689,39.2719642704669
"471","22","PZ","Daphnia",0.68,8,19.5798511904762,22.4908563988095,2.91039144008814,5,39.6626982600689,39.2719642704669
"472","23","PZN","cyclopoid",0.493,4,24.51775,24.0122879464286,3.47573326338724,8,39.0044168952734,39.0707954710507
"473","23","PZN","calanoid",0.901,8,20.8645595238095,24.0122879464286,3.47573326338724,8,39.4893020565261,39.0707954710507
"474","23","PZN","cyclopoid",0.476,8,20.8645595238095,24.0122879464286,3.47573326338724,8,39.4893020565261,39.0707954710507
"475","23","PZN","cyclopoid",0.612,8,20.8645595238095,24.0122879464286,3.47573326338724,8,39.4893020565261,39.0707954710507
"476","23","PZN","cyclopoid",0.595,8,20.8645595238095,24.0122879464286,3.47573326338724,8,39.4893020565261,39.0707954710507
"477","23","PZN","cyclopoid",0.629,8,20.8645595238095,24.0122879464286,3.47573326338724,8,39.4893020565261,39.0707954710507
"478","23","PZN","cyclopoid",0.68,8,20.8645595238095,24.0122879464286,3.47573326338724,8,39.4893020565261,39.0707954710507
"479","23","PZN","cyclopoid",0.493,8,20.8645595238095,24.0122879464286,3.47573326338724,8,39.4893020565261,39.0707954710507
"480","23","PZN","cyclopoid",0.595,8,20.8645595238095,24.0122879464286,3.47573326338724,8,39.4893020565261,39.0707954710507
"481","23","PZN","cyclopoid",0.578,8,20.8645595238095,24.0122879464286,3.47573326338724,8,39.4893020565261,39.0707954710507
"482","23","PZN","cyclopoid",0.544,8,20.8645595238095,24.0122879464286,3.47573326338724,8,39.4893020565261,39.0707954710507
"483","23","PZN","cyclopoid",0.544,8,20.8645595238095,24.0122879464286,3.47573326338724,8,39.4893020565261,39.0707954710507
"484","23","PZN","cyclopoid",0.595,8,20.8645595238095,24.0122879464286,3.47573326338724,8,39.4893020565261,39.0707954710507
"485","23","PZN","cyclopoid",0.476,8,20.8645595238095,24.0122879464286,3.47573326338724,8,39.4893020565261,39.0707954710507
"486","23","PZN","cyclopoid",0.544,8,20.8645595238095,24.0122879464286,3.47573326338724,8,39.4893020565261,39.0707954710507
"487","23","PZN","cyclopoid",0.578,8,20.8645595238095,24.0122879464286,3.47573326338724,8,39.4893020565261,39.0707954710507
"488","23","PZN","cyclopoid",0.612,8,20.8645595238095,24.0122879464286,3.47573326338724,8,39.4893020565261,39.0707954710507
"489","23","PZN","cyclopoid",0.476,8,20.8645595238095,24.0122879464286,3.47573326338724,8,39.4893020565261,39.0707954710507
"490","23","PZN","cyclopoid",0.595,8,20.8645595238095,24.0122879464286,3.47573326338724,8,39.4893020565261,39.0707954710507
"491","23","PZN","cyclopoid",0.544,8,20.8645595238095,24.0122879464286,3.47573326338724,8,39.4893020565261,39.0707954710507
"492","23","PZN","cyclopoid",0.527,8,20.8645595238095,24.0122879464286,3.47573326338724,8,39.4893020565261,39.0707954710507
"493","23","PZN","Daphnia",1.275,8,20.8645595238095,24.0122879464286,3.47573326338724,8,39.4893020565261,39.0707954710507
"494","23","PZN","Daphnia",0.51,8,20.8645595238095,24.0122879464286,3.47573326338724,8,39.4893020565261,39.0707954710507
"495","23","PZN","Daphnia",0.612,8,20.8645595238095,24.0122879464286,3.47573326338724,8,39.4893020565261,39.0707954710507
"496","23","PZN","Daphnia",0.68,8,20.8645595238095,24.0122879464286,3.47573326338724,8,39.4893020565261,39.0707954710507
"497","23","PZN","Daphnia",0.459,8,20.8645595238095,24.0122879464286,3.47573326338724,8,39.4893020565261,39.0707954710507
"498","23","PZN","Daphnia",0.867,8,20.8645595238095,24.0122879464286,3.47573326338724,8,39.4893020565261,39.0707954710507
"499","23","PZN","Daphnia",0.629,8,20.8645595238095,24.0122879464286,3.47573326338724,8,39.4893020565261,39.0707954710507
"500","23","PZN","Daphnia",1.36,8,20.8645595238095,24.0122879464286,3.47573326338724,8,39.4893020565261,39.0707954710507
"501","23","PZN","Daphnia",0.408,8,20.8645595238095,24.0122879464286,3.47573326338724,8,39.4893020565261,39.0707954710507
"502","23","PZN","Daphnia",0.425,8,20.8645595238095,24.0122879464286,3.47573326338724,8,39.4893020565261,39.0707954710507
"503","23","PZN","Daphnia",1.071,8,20.8645595238095,24.0122879464286,3.47573326338724,8,39.4893020565261,39.0707954710507
"504","23","PZN","Daphnia",0.646,8,20.8645595238095,24.0122879464286,3.47573326338724,8,39.4893020565261,39.0707954710507
"505","23","PZN","Daphnia",0.595,8,20.8645595238095,24.0122879464286,3.47573326338724,8,39.4893020565261,39.0707954710507
"506","23","PZN","Daphnia",1.326,8,20.8645595238095,24.0122879464286,3.47573326338724,8,39.4893020565261,39.0707954710507
"507","23","PZN","Daphnia",1.19,8,20.8645595238095,24.0122879464286,3.47573326338724,8,39.4893020565261,39.0707954710507
"508","23","PZN","Daphnia",0.952,8,20.8645595238095,24.0122879464286,3.47573326338724,8,39.4893020565261,39.0707954710507
"509","23","PZN","Daphnia",1.343,8,20.8645595238095,24.0122879464286,3.47573326338724,8,39.4893020565261,39.0707954710507
"510","23","PZN","Daphnia",0.527,8,20.8645595238095,24.0122879464286,3.47573326338724,8,39.4893020565261,39.0707954710507
"511","23","PZN","Daphnia",0.884,8,20.8645595238095,24.0122879464286,3.47573326338724,8,39.4893020565261,39.0707954710507
"512","23","PZN","Daphnia",0.544,8,20.8645595238095,24.0122879464286,3.47573326338724,8,39.4893020565261,39.0707954710507
"513","23","PZN","Daphnia",0.918,8,20.8645595238095,24.0122879464286,3.47573326338724,8,39.4893020565261,39.0707954710507
"514","23","PZN","Daphnia",0.544,8,20.8645595238095,24.0122879464286,3.47573326338724,8,39.4893020565261,39.0707954710507
"515","23","PZN","Daphnia",1.513,8,20.8645595238095,24.0122879464286,3.47573326338724,8,39.4893020565261,39.0707954710507
"516","24","PZN","cyclopoid",0.493,4,20.97875,20.4732879464286,3.47573326338724,3,39.4739631852429,39.5419509419271
"517","24","PZN","cyclopoid",0.544,4,20.97875,20.4732879464286,3.47573326338724,3,39.4739631852429,39.5419509419271
"518","24","PZN","cyclopoid",0.51,4,20.97875,20.4732879464286,3.47573326338724,3,39.4739631852429,39.5419509419271
"519","24","PZN","cyclopoid",0.544,6,20.2062916666667,20.4732879464286,3.47573326338724,3,39.5779581972149,39.5419509419271
"520","24","PZN","cyclopoid",0.561,7,17.5624404761905,20.4732879464286,3.47573326338724,3,39.9380812458953,39.5419509419271
"521","24","PZN","calanoid",1.275,8,17.3255595238095,20.4732879464286,3.47573326338724,3,39.9706673218072,39.5419509419271
"522","24","PZN","calanoid",1.241,8,17.3255595238095,20.4732879464286,3.47573326338724,3,39.9706673218072,39.5419509419271
"523","24","PZN","calanoid",1.479,8,17.3255595238095,20.4732879464286,3.47573326338724,3,39.9706673218072,39.5419509419271
"524","24","PZN","cyclopoid",0.697,8,17.3255595238095,20.4732879464286,3.47573326338724,3,39.9706673218072,39.5419509419271
"525","24","PZN","cyclopoid",0.544,8,17.3255595238095,20.4732879464286,3.47573326338724,3,39.9706673218072,39.5419509419271
"526","24","PZN","cyclopoid",0.374,8,17.3255595238095,20.4732879464286,3.47573326338724,3,39.9706673218072,39.5419509419271
"527","24","PZN","cyclopoid",0.34,8,17.3255595238095,20.4732879464286,3.47573326338724,3,39.9706673218072,39.5419509419271
"528","24","PZN","cyclopoid",0.544,8,17.3255595238095,20.4732879464286,3.47573326338724,3,39.9706673218072,39.5419509419271
"529","24","PZN","cyclopoid",0.884,8,17.3255595238095,20.4732879464286,3.47573326338724,3,39.9706673218072,39.5419509419271
"530","24","PZN","cyclopoid",0.561,8,17.3255595238095,20.4732879464286,3.47573326338724,3,39.9706673218072,39.5419509419271
"531","24","PZN","cyclopoid",0.595,8,17.3255595238095,20.4732879464286,3.47573326338724,3,39.9706673218072,39.5419509419271
"532","24","PZN","cyclopoid",0.357,8,17.3255595238095,20.4732879464286,3.47573326338724,3,39.9706673218072,39.5419509419271
"533","24","PZN","cyclopoid",0.476,8,17.3255595238095,20.4732879464286,3.47573326338724,3,39.9706673218072,39.5419509419271
"534","24","PZN","cyclopoid",1.394,8,17.3255595238095,20.4732879464286,3.47573326338724,3,39.9706673218072,39.5419509419271
"535","24","PZN","cyclopoid",0.493,8,17.3255595238095,20.4732879464286,3.47573326338724,3,39.9706673218072,39.5419509419271
"536","24","PZN","cyclopoid",0.595,8,17.3255595238095,20.4732879464286,3.47573326338724,3,39.9706673218072,39.5419509419271
"537","24","PZN","cyclopoid",0.544,8,17.3255595238095,20.4732879464286,3.47573326338724,3,39.9706673218072,39.5419509419271
"538","24","PZN","cyclopoid",0.595,8,17.3255595238095,20.4732879464286,3.47573326338724,3,39.9706673218072,39.5419509419271
"539","24","PZN","cyclopoid",0.527,8,17.3255595238095,20.4732879464286,3.47573326338724,3,39.9706673218072,39.5419509419271
"540","24","PZN","cyclopoid",0.476,8,17.3255595238095,20.4732879464286,3.47573326338724,3,39.9706673218072,39.5419509419271
"541","24","PZN","cyclopoid",0.476,8,17.3255595238095,20.4732879464286,3.47573326338724,3,39.9706673218072,39.5419509419271
"542","24","PZN","Daphnia",0.765,8,17.3255595238095,20.4732879464286,3.47573326338724,3,39.9706673218072,39.5419509419271
"543","26","PZN","calanoid",0.374,7,18.2514404761905,21.1622879464286,3.47573326338724,4,39.8436015827787,39.4493340249552
"544","26","PZN","cyclopoid",0.442,7,18.2514404761905,21.1622879464286,3.47573326338724,4,39.8436015827787,39.4493340249552
"545","26","PZN","cyclopoid",0.357,7,18.2514404761905,21.1622879464286,3.47573326338724,4,39.8436015827787,39.4493340249552
"546","26","PZN","cyclopoid",0.34,8,18.0145595238095,21.1622879464286,3.47573326338724,4,39.8760336037218,39.4493340249552
"547","26","PZN","cyclopoid",0.595,8,18.0145595238095,21.1622879464286,3.47573326338724,4,39.8760336037218,39.4493340249552
"548","26","PZN","cyclopoid",0.697,8,18.0145595238095,21.1622879464286,3.47573326338724,4,39.8760336037218,39.4493340249552
"549","26","PZN","cyclopoid",0.68,8,18.0145595238095,21.1622879464286,3.47573326338724,4,39.8760336037218,39.4493340249552
"550","26","PZN","cyclopoid",0.748,8,18.0145595238095,21.1622879464286,3.47573326338724,4,39.8760336037218,39.4493340249552
"551","26","PZN","cyclopoid",0.544,8,18.0145595238095,21.1622879464286,3.47573326338724,4,39.8760336037218,39.4493340249552
"552","26","PZN","cyclopoid",0.459,8,18.0145595238095,21.1622879464286,3.47573326338724,4,39.8760336037218,39.4493340249552
"553","26","PZN","cyclopoid",0.544,8,18.0145595238095,21.1622879464286,3.47573326338724,4,39.8760336037218,39.4493340249552
"554","26","PZN","cyclopoid",0.51,8,18.0145595238095,21.1622879464286,3.47573326338724,4,39.8760336037218,39.4493340249552
"555","28","PZ","cyclopoid",0.51,4,20.1412619047619,19.4048563988095,2.91039144008814,3,39.5867380775412,39.6864350943488
"556","28","PZ","cyclopoid",0.714,4,20.1412619047619,19.4048563988095,2.91039144008814,3,39.5867380775412,39.6864350943488
"557","28","PZ","Daphnia",1.19,4,20.1412619047619,19.4048563988095,2.91039144008814,3,39.5867380775412,39.6864350943488
"558","28","PZ","cyclopoid",0.765,6,19.5742023809524,19.4048563988095,2.91039144008814,3,39.6634640385478,39.6864350943488
"559","28","PZ","Daphnia",0.85,6,19.5742023809524,19.4048563988095,2.91039144008814,3,39.6634640385478,39.6864350943488
"560","28","PZ","Daphnia",0.765,6,19.5742023809524,19.4048563988095,2.91039144008814,3,39.6634640385478,39.6864350943488
"561","28","PZ","Daphnia",0.714,6,19.5742023809524,19.4048563988095,2.91039144008814,3,39.6634640385478,39.6864350943488
"562","28","PZ","Daphnia",0.697,6,19.5742023809524,19.4048563988095,2.91039144008814,3,39.6634640385478,39.6864350943488
"563","28","PZ","Daphnia",0.748,6,19.5742023809524,19.4048563988095,2.91039144008814,3,39.6634640385478,39.6864350943488
"564","28","PZ","Daphnia",0.663,6,19.5742023809524,19.4048563988095,2.91039144008814,3,39.6634640385478,39.6864350943488
"565","28","PZ","Daphnia",0.85,6,19.5742023809524,19.4048563988095,2.91039144008814,3,39.6634640385478,39.6864350943488
"566","28","PZ","Daphnia",0.782,6,19.5742023809524,19.4048563988095,2.91039144008814,3,39.6634640385478,39.6864350943488
"567","28","PZ","Daphnia",0.833,6,19.5742023809524,19.4048563988095,2.91039144008814,3,39.6634640385478,39.6864350943488
"568","28","PZ","Daphnia",0.884,6,19.5742023809524,19.4048563988095,2.91039144008814,3,39.6634640385478,39.6864350943488
"569","28","PZ","Daphnia",0.799,6,19.5742023809524,19.4048563988095,2.91039144008814,3,39.6634640385478,39.6864350943488
"570","28","PZ","Daphnia",0.612,6,19.5742023809524,19.4048563988095,2.91039144008814,3,39.6634640385478,39.6864350943488
"571","28","PZ","Daphnia",0.986,6,19.5742023809524,19.4048563988095,2.91039144008814,3,39.6634640385478,39.6864350943488
"572","28","PZ","Daphnia",0.901,6,19.5742023809524,19.4048563988095,2.91039144008814,3,39.6634640385478,39.6864350943488
"573","28","PZ","Daphnia",0.833,6,19.5742023809524,19.4048563988095,2.91039144008814,3,39.6634640385478,39.6864350943488
"574","28","PZ","Daphnia",0.612,6,19.5742023809524,19.4048563988095,2.91039144008814,3,39.6634640385478,39.6864350943488
"575","28","PZ","Daphnia",0.561,6,19.5742023809524,19.4048563988095,2.91039144008814,3,39.6634640385478,39.6864350943488
"576","28","PZ","Daphnia",0.612,6,19.5742023809524,19.4048563988095,2.91039144008814,3,39.6634640385478,39.6864350943488
"577","28","PZ","Daphnia",0.816,6,19.5742023809524,19.4048563988095,2.91039144008814,3,39.6634640385478,39.6864350943488
"578","28","PZ","Daphnia",0.595,6,19.5742023809524,19.4048563988095,2.91039144008814,3,39.6634640385478,39.6864350943488
"579","28","PZ","Daphnia",1.19,6,19.5742023809524,19.4048563988095,2.91039144008814,3,39.6634640385478,39.6864350943488
"580","28","PZ","Daphnia",0.663,6,19.5742023809524,19.4048563988095,2.91039144008814,3,39.6634640385478,39.6864350943488
"581","28","PZ","calanoid",0.527,7,16.9079642857143,19.4048563988095,2.91039144008814,3,40.0282426988004,39.6864350943488
"582","28","PZ","Daphnia",0.646,7,16.9079642857143,19.4048563988095,2.91039144008814,3,40.0282426988004,39.6864350943488
"583","28","PZ","Daphnia",0.748,7,16.9079642857143,19.4048563988095,2.91039144008814,3,40.0282426988004,39.6864350943488
"584","28","PZ","Daphnia",0.714,7,16.9079642857143,19.4048563988095,2.91039144008814,3,40.0282426988004,39.6864350943488
"585","28","PZ","Daphnia",0.952,7,16.9079642857143,19.4048563988095,2.91039144008814,3,40.0282426988004,39.6864350943488
"586","28","PZ","Daphnia",0.765,7,16.9079642857143,19.4048563988095,2.91039144008814,3,40.0282426988004,39.6864350943488
"587","28","PZ","Daphnia",0.697,7,16.9079642857143,19.4048563988095,2.91039144008814,3,40.0282426988004,39.6864350943488
"588","28","PZ","Daphnia",0.901,7,16.9079642857143,19.4048563988095,2.91039144008814,3,40.0282426988004,39.6864350943488
"589","28","PZ","Daphnia",0.782,7,16.9079642857143,19.4048563988095,2.91039144008814,3,40.0282426988004,39.6864350943488
"590","28","PZ","Daphnia",0.714,7,16.9079642857143,19.4048563988095,2.91039144008814,3,40.0282426988004,39.6864350943488
"591","28","PZ","Daphnia",0.697,7,16.9079642857143,19.4048563988095,2.91039144008814,3,40.0282426988004,39.6864350943488
"592","28","PZ","cyclopoid",0.442,8,16.4938511904762,19.4048563988095,2.91039144008814,3,40.0855020133343,39.6864350943488
"593","28","PZ","cyclopoid",0.629,8,16.4938511904762,19.4048563988095,2.91039144008814,3,40.0855020133343,39.6864350943488
"594","28","PZ","cyclopoid",0.493,8,16.4938511904762,19.4048563988095,2.91039144008814,3,40.0855020133343,39.6864350943488
"595","28","PZ","cyclopoid",0.459,8,16.4938511904762,19.4048563988095,2.91039144008814,3,40.0855020133343,39.6864350943488
"596","28","PZ","cyclopoid",0.697,8,16.4938511904762,19.4048563988095,2.91039144008814,3,40.0855020133343,39.6864350943488
"597","28","PZ","cyclopoid",0.612,8,16.4938511904762,19.4048563988095,2.91039144008814,3,40.0855020133343,39.6864350943488
"598","28","PZ","cyclopoid",0.612,8,16.4938511904762,19.4048563988095,2.91039144008814,3,40.0855020133343,39.6864350943488
"599","28","PZ","cyclopoid",0.561,8,16.4938511904762,19.4048563988095,2.91039144008814,3,40.0855020133343,39.6864350943488
"600","28","PZ","cyclopoid",0.561,8,16.4938511904762,19.4048563988095,2.91039144008814,3,40.0855020133343,39.6864350943488
"601","28","PZ","cyclopoid",0.612,8,16.4938511904762,19.4048563988095,2.91039144008814,3,40.0855020133343,39.6864350943488
"602","28","PZ","cyclopoid",0.68,8,16.4938511904762,19.4048563988095,2.91039144008814,3,40.0855020133343,39.6864350943488
"603","28","PZ","cyclopoid",0.544,8,16.4938511904762,19.4048563988095,2.91039144008814,3,40.0855020133343,39.6864350943488
"604","28","PZ","cyclopoid",0.527,8,16.4938511904762,19.4048563988095,2.91039144008814,3,40.0855020133343,39.6864350943488
"605","28","PZ","Daphnia",0.578,8,16.4938511904762,19.4048563988095,2.91039144008814,3,40.0855020133343,39.6864350943488
"606","28","PZ","Daphnia",1.921,8,16.4938511904762,19.4048563988095,2.91039144008814,3,40.0855020133343,39.6864350943488
"607","30","PZ","cyclopoid",0.595,4,26.3652619047619,25.6288563988095,2.91039144008814,9,38.7637038476278,38.8592934208818
"608","30","PZ","Daphnia",0.357,4,26.3652619047619,25.6288563988095,2.91039144008814,9,38.7637038476278,38.8592934208818
"609","30","PZ","cyclopoid",0.476,6,25.7982023809524,25.6288563988095,2.91039144008814,9,38.8372696431037,38.8592934208818
"610","30","PZ","cyclopoid",0.629,6,25.7982023809524,25.6288563988095,2.91039144008814,9,38.8372696431037,38.8592934208818
"611","30","PZ","cyclopoid",0.425,7,23.1319642857143,25.6288563988095,2.91039144008814,9,39.1869428304857,38.8592934208818
"612","30","PZ","cyclopoid",0.612,7,23.1319642857143,25.6288563988095,2.91039144008814,9,39.1869428304857,38.8592934208818
"613","30","PZ","cyclopoid",0.476,8,22.7178511904762,25.6288563988095,2.91039144008814,9,39.2418188757536,38.8592934208818
"614","30","PZ","cyclopoid",0.714,8,22.7178511904762,25.6288563988095,2.91039144008814,9,39.2418188757536,38.8592934208818
"615","30","PZ","cyclopoid",0.646,8,22.7178511904762,25.6288563988095,2.91039144008814,9,39.2418188757536,38.8592934208818
"616","30","PZ","cyclopoid",0.527,8,22.7178511904762,25.6288563988095,2.91039144008814,9,39.2418188757536,38.8592934208818
"617","30","PZ","cyclopoid",0.646,8,22.7178511904762,25.6288563988095,2.91039144008814,9,39.2418188757536,38.8592934208818
"618","30","PZ","cyclopoid",0.544,8,22.7178511904762,25.6288563988095,2.91039144008814,9,39.2418188757536,38.8592934208818
"619","30","PZ","cyclopoid",0.544,8,22.7178511904762,25.6288563988095,2.91039144008814,9,39.2418188757536,38.8592934208818
"620","30","PZ","cyclopoid",0.816,8,22.7178511904762,25.6288563988095,2.91039144008814,9,39.2418188757536,38.8592934208818
"621","30","PZ","cyclopoid",0.663,8,22.7178511904762,25.6288563988095,2.91039144008814,9,39.2418188757536,38.8592934208818
"622","30","PZ","cyclopoid",0.68,8,22.7178511904762,25.6288563988095,2.91039144008814,9,39.2418188757536,38.8592934208818
"623","30","PZ","cyclopoid",0.51,8,22.7178511904762,25.6288563988095,2.91039144008814,9,39.2418188757536,38.8592934208818
"624","30","PZ","cyclopoid",0.51,8,22.7178511904762,25.6288563988095,2.91039144008814,9,39.2418188757536,38.8592934208818
"625","30","PZ","cyclopoid",0.663,8,22.7178511904762,25.6288563988095,2.91039144008814,9,39.2418188757536,38.8592934208818
"626","30","PZ","Daphnia",1.53,8,22.7178511904762,25.6288563988095,2.91039144008814,9,39.2418188757536,38.8592934208818
"627","30","PZ","Daphnia",0.935,8,22.7178511904762,25.6288563988095,2.91039144008814,9,39.2418188757536,38.8592934208818
"628","30","PZ","Daphnia",0.714,8,22.7178511904762,25.6288563988095,2.91039144008814,9,39.2418188757536,38.8592934208818
"629","30","PZ","Daphnia",0.714,8,22.7178511904762,25.6288563988095,2.91039144008814,9,39.2418188757536,38.8592934208818
"630","30","PZ","Daphnia",0.697,8,22.7178511904762,25.6288563988095,2.91039144008814,9,39.2418188757536,38.8592934208818
"631","30","PZ","Daphnia",1.564,8,22.7178511904762,25.6288563988095,2.91039144008814,9,39.2418188757536,38.8592934208818
"632","30","PZ","Daphnia",1.292,8,22.7178511904762,25.6288563988095,2.91039144008814,9,39.2418188757536,38.8592934208818
"633","30","PZ","Daphnia",1.615,8,22.7178511904762,25.6288563988095,2.91039144008814,9,39.2418188757536,38.8592934208818
"634","30","PZ","Daphnia",0.765,8,22.7178511904762,25.6288563988095,2.91039144008814,9,39.2418188757536,38.8592934208818
"635","30","PZ","Daphnia",1.19,8,22.7178511904762,25.6288563988095,2.91039144008814,9,39.2418188757536,38.8592934208818
"636","30","PZ","Daphnia",1.275,8,22.7178511904762,25.6288563988095,2.91039144008814,9,39.2418188757536,38.8592934208818
"637","30","PZ","Daphnia",0.884,8,22.7178511904762,25.6288563988095,2.91039144008814,9,39.2418188757536,38.8592934208818
"638","30","PZ","Daphnia",1.615,8,22.7178511904762,25.6288563988095,2.91039144008814,9,39.2418188757536,38.8592934208818
"639","30","PZ","Daphnia",1.156,8,22.7178511904762,25.6288563988095,2.91039144008814,9,39.2418188757536,38.8592934208818
"640","30","PZ","Daphnia",1.53,8,22.7178511904762,25.6288563988095,2.91039144008814,9,39.2418188757536,38.8592934208818
"641","30","PZ","Daphnia",1.003,8,22.7178511904762,25.6288563988095,2.91039144008814,9,39.2418188757536,38.8592934208818
