"","Tank","date_complete","week","average.temp","power","trophic.level","dawn1","dusk","dawn2","d1Hour","dkHour","d2Hour","hours1","hours2","chla","Pcarbon","Phyto.Shannon.Wiener.Diversity","Diatom.Cyano.Ratio","zoo.ug.carbon.liter","total.zoo.abundance.liter","community.size","Daphnia.mature.size","Daphnia.Copepod.Ratio","abundance.Daphnia","abundance.copepods","total.adults","total.juveniles","total.eggs","total.larvae","Notonectids.alive","temp.wk","temp.Tmn","temp.Tsd","date_formatted.x","temp.x","temp.d1","temp.y","temp.dk","d2.date","temp","date_formatted.y","temp.d2","Tankn","invTi","invTT","NPP2a","NPP2","ER2","ER2a"
"1","25","2012-8-7",6,18.236,0,"P",8.29,8.31,8.14,4,20,4,15.5,8.5,14.28,785.4,NA,NA,0,0,NA,NA,NA,NA,NA,NA,NA,NA,NA,NA,20.1332916666667,20.3886510067114,3.47088642218738,2012-08-07,20.468,20.577,17.125,17.34125,2012-08-08,17.002,2012-08-08,16.66025,1,39.5878144333727,39.5533580284203,4.12903225806479e-05,-0.00122040228111008,0.00115939042259197,0.00064
"2","6","2012-8-7",6,17.57,50,"P",9.17,9.25,9.02,4,20,4,15.5,8.5,13.73,755.15,NA,NA,0,0,NA,NA,NA,NA,NA,NA,NA,NA,NA,NA,20.6332916666667,20.9002879464286,3.47573326338724,2012-08-07,20.968,21.077,17.625,17.84125,2012-08-08,17.502,2012-08-08,17.16025,2,39.5204041369982,39.4845014811927,0.000165161290322581,-0.00107431312152353,0.00137585154367156,0.000865882352941178
"3","15","2012-8-7",6,21.855,100,"P",8.91,9.02,8.76,4,20,4,15.5,8.5,11.87,652.85,NA,NA,0,0,NA,NA,NA,NA,NA,NA,NA,NA,NA,NA,21.1332916666667,21.4002879464286,3.47573326338724,2012-08-07,21.468,21.577,18.125,18.34125,2012-08-08,18.002,2012-08-08,17.66025,3,39.4532230234407,39.4174422711685,0.000227096774193547,-0.000990715731312625,0.00147961435848631,0.000978823529411764
"4","3","2012-8-7",6,23.605,150,"P",7.65,7.89,7.61,4,20,4,15.5,8.5,10.97,603.35,NA,NA,0,0,NA,NA,NA,NA,NA,NA,NA,NA,NA,NA,21.8832916666667,22.1502879464286,3.47573326338724,2012-08-07,22.218,22.327,18.875,19.09125,2012-08-08,18.752,2012-08-08,18.41025,4,39.3528785207042,39.3172794628952,0.000495483870967741,-0.000690839632467071,0.00154157871358743,0.00105411764705882
"5","29","2012-8-7",6,24.63,200,"P",7.81,8.12,7.801,4,20,4,15.5,8.5,9.63,529.65,NA,NA,0,0,NA,NA,NA,NA,NA,NA,NA,NA,NA,NA,22.7832916666667,23.0502879464286,3.47573326338724,2012-08-07,23.118,23.227,19.775,19.99125,2012-08-08,19.652,2012-08-08,19.31025,6,39.2331368325613,39.1977539871321,0.000639999999999999,-0.000510054518582656,0.00167306754249568,0.00120094117647058
"6","17","2012-8-7",6,26.023,250,"P",8.19,8.55,8.13,4,20,4,15.5,8.5,8.76,481.8,NA,NA,0,0,NA,NA,NA,NA,NA,NA,NA,NA,NA,NA,22.4942916666667,22.7612879464286,3.47573326338724,2012-08-07,22.829,22.938,19.486,19.70225,2012-08-08,19.363,2012-08-08,19.02125,5,39.2715077143833,39.2360556559574,0.000743225806451615,-0.0004182998468934,0.00205815072802993,0.00158117647058823
"7","27","2012-8-7",6,27.102,300,"P",6.69,7.26,6.82,4,20,4,15.5,8.5,7.56,415.8,NA,NA,0,0,NA,NA,NA,NA,NA,NA,NA,NA,NA,NA,23.2482142857143,23.5157217261905,3.47565794324478,2012-08-07,23.58,23.69,20.24,20.455,2012-08-08,20.12,2012-08-08,19.775,7,39.1715655830143,39.1362261912695,0.00117677419354839,4.50389055703061e-05,0.00212027372732014,0.00165647058823529
"8","14","2012-8-7",6,28.146,350,"P",7.64,8.37,7.89,4,20,4,15.5,8.5,7.23,397.65,NA,NA,0,0,NA,NA,NA,NA,NA,NA,NA,NA,NA,NA,24.0972916666667,24.3642879464286,3.47573326338724,2012-08-07,24.432,24.541,21.089,21.30525,2012-08-08,20.966,2012-08-08,20.62425,8,39.0596167660915,39.0245460706913,0.00150709677419355,0.000407203792555443,0.00225800987308194,0.00180705882352941
"9","1","2012-8-7",6,28.456,400,"P",6.07,6.98,6.49,4,20,4,15.5,8.5,7.03,386.65,NA,NA,0,0,NA,NA,NA,NA,NA,NA,NA,NA,NA,NA,24.9742916666667,25.2412879464286,3.47573326338724,2012-08-07,25.309,25.418,21.966,22.18225,2012-08-08,21.843,2012-08-08,21.50125,9,38.944656231368,38.909791580662,0.00187870967741936,0.000810568797125271,0.0022822733207026,0.00184470588235294
"10","8","2012-8-7",6,29.456,450,"P",5.18,6.65,6.12,4,20,4,15.5,8.5,6.85,376.75,NA,NA,0,0,NA,NA,NA,NA,NA,NA,NA,NA,NA,NA,25.6252916666667,25.8922879464286,3.47573326338724,2012-08-07,25.96,26.069,22.617,22.83325,2012-08-08,22.494,2012-08-08,22.15225,10,38.8597572897375,38.8250444147413,0.00303483870967742,0.00198942497912066,0.00242329181807948,0.00199529411764706
"11","11","2012-8-7",6,17.475,0,"PZ",8.99,9.23,8.81,4,20,4,15.5,8.5,6.27,344.85,NA,NA,0,0,NA,NA,0,0,0,0,0,0,0,NA,19.9472023809524,19.7778563988095,2.91039144008814,2012-08-07,17.965,18.418,17.045,17.1675,2012-08-08,17.002,2012-08-08,16.66025,3,39.6129618594311,39.6358744390032,0.000495483870967742,-1.26655743734707e-05,0.00196928159977024,0.00158117647058823
"12","21","2012-8-7",6,18.249,50,"PZ",8.58,8.98,8.5,4,20,4,15.5,8.5,5.73,315.15,NA,NA,12.56791,1,NA,NA,0.571428571,0.4,0.6,0.6,0.4,0,0,NA,19.7372023809524,19.5678563988095,2.91039144008814,2012-08-07,17.755,18.208,16.835,16.9575,2012-08-08,16.792,2012-08-08,16.45025,2,39.6413788898694,39.6643243642091,0.000825806451612904,0.000313761897065349,0.00219818045577801,0.00180705882352941
"13","28","2012-8-7",6,22.046,100,"PZ",7.79,8.48,8.02,4,20,4,15.5,8.5,5.49,301.95,NA,NA,4.61965157,0.6,NA,NA,0.4,0.2,0.4,0,0.4,0,0.2,NA,19.5742023809524,19.4048563988095,2.91039144008814,2012-08-07,17.592,18.045,16.672,16.7945,2012-08-08,16.629,2012-08-08,16.28725,1,39.6634640385478,39.6864350943488,0.00142451612903226,0.000909418680970495,0.0021252509209723,0.00173176470588236
"14","19","2012-8-7",6,23.451,150,"PZ",8.36,9.18,8.63,4,20,4,15.5,8.5,3.77,207.35,NA,NA,19.58924941,2.8,NA,NA,0.117647059,0.2,1.6,0,2.8,0,0,NA,20.9742023809524,20.8048563988095,2.91039144008814,2012-08-07,18.992,19.445,18.072,18.1945,2012-08-08,18.029,2012-08-08,17.68725,4,39.4745738257189,39.4973265485844,0.00169290322580645,0.00120320441190938,0.00244441085086303,0.00207058823529411
"15","12","2012-8-7",6,25.001,200,"PZ",7.09,8.03,7.45,4,20,4,15.5,8.5,2.71,149.05,NA,NA,0,0,NA,NA,0,0,0,0,0,0,0,NA,21.9422023809524,21.7728563988095,2.91039144008814,2012-08-07,19.96,20.413,19.04,19.1625,2012-08-08,18.997,2012-08-08,18.65525,6,39.3450183156737,39.3676218920359,0.00194064516129032,0.00146747101252408,0.00254456931245394,0.0021835294117647
"16","13","2012-8-7",6,26.1465,250,"PZ",6.79,8.01,7.39,4,20,4,15.5,8.5,1.74,95.7,NA,NA,0,0,NA,NA,0,0,0,0,0,0,0,NA,21.7602023809524,21.5908563988095,2.91039144008814,2012-08-07,19.778,20.231,18.858,18.9805,2012-08-08,18.815,2012-08-08,18.47325,5,39.3693119390178,39.3919434452298,0.00251870967741935,0.0020424902265287,0.00269751261111375,0.00233411764705882
"17","22","2012-8-7",6,27.125,300,"PZ",6.72,7.97,7.31,4,20,4,15.5,8.5,0.8,44,NA,NA,2.340132442,0.2,NA,NA,0,0,0.2,0,0.2,0,0,NA,22.6602023809524,22.4908563988095,2.91039144008814,2012-08-07,20.678,21.131,19.758,19.8805,2012-08-08,19.715,2012-08-08,19.37325,7,39.2494703761027,39.2719642704669,0.00258064516129032,0.00211921669848008,0.00283666508114133,0.00248470588235294
"18","20","2012-8-7",6,28.456,350,"PZ",7.55,8.99,8.19,4,20,4,15.5,8.5,0.54,29.7,NA,NA,38.64844612,3.8,NA,NA,12,3.6,0.2,2.2,0.4,0,1.2,NA,23.2562023809524,23.0868563988095,2.91039144008814,2012-08-07,21.274,21.727,20.354,20.4765,2012-08-08,20.311,2012-08-08,19.96925,8,39.1705093816791,39.1929128360673,0.00297290322580645,0.0025209100010831,0.00335643261771649,0.00301176470588236
"19","9","2012-8-7",6,28.465,400,"PZ",6.19,7.7,6.83,4,20,4,15.5,8.5,0.53,29.15,NA,NA,0,0,NA,NA,0,0,0,0,0,0,0,NA,24.9862023809524,24.8168563988095,2.91039144008814,2012-08-07,23.004,23.457,22.084,22.2065,2012-08-08,22.041,2012-08-08,21.69925,9,38.9430995865649,38.9652435898525,0.00311741935483871,0.00269129859140718,0.00359998335825255,0.00327529411764706
"20","30","2012-8-7",6,29.458,450,"PZ",6.18,7.78,6.42,4,20,4,15.5,8.5,0.08,4.4,NA,NA,5.701125282,1,NA,NA,2.666666667,0.8,0.2,0,0.8,0,0.2,NA,25.7982023809524,25.6288563988095,2.91039144008814,2012-08-07,23.816,24.269,22.896,23.0185,2012-08-08,22.853,2012-08-08,22.51125,10,38.8372696431037,38.8592934208818,0.00330322580645161,0.00288852138203701,0.00543588061413142,0.00512
"21","2","2012-8-7",6,18.616,0,"PZN",8.95,9.05,7.79,4,20,4,15.5,8.5,12.49,686.95,NA,NA,4.311797187,0.4,NA,NA,0,0,0.4,0,0.4,0,0,1,19.3002916666667,19.5672879464286,3.47573326338724,2012-08-07,19.635,19.744,16.292,16.50825,2012-08-08,16.169,2012-08-08,15.82725,1,39.7006321429787,39.6644014311969,0.000206451612903229,-0.00109354311293434,0.00527917801884829,0.00474352941176471
"22","24","2012-8-7",6,18.978,50,"PZN",8.51,8.65,8.55,4,20,4,15.5,8.5,12.23,672.65,NA,NA,25.62748234,2.2,NA,NA,0,0,2.2,0,2.2,0,0,1,20.2062916666667,20.4732879464286,3.47573326338724,2012-08-07,20.541,20.65,17.198,17.41425,2012-08-08,17.075,2012-08-08,16.73325,4,39.5779581972149,39.5419509419271,0.000289032258064517,-0.000969381095884185,0.000894470048956571,0.000376470588235293
"23","5","2012-8-7",6,22.364,100,"PZN",8.21,8.36,8.28,4,20,4,15.5,8.5,9.23,507.65,NA,NA,0,0,NA,NA,0,0,0,0,0,0,0,0,19.3062916666667,19.5732879464286,3.47573326338724,2012-08-07,19.641,19.75,16.298,16.51425,2012-08-08,16.175,2012-08-08,15.83325,2,39.6998172313615,39.663588006259,0.000309677419354836,-0.000990035499309178,0.000836705381146952,0.000301176470588236
"24","16","2012-8-7",6,23.657,150,"PZN",8.03,8.11,7.95,4,20,4,15.5,8.5,9.18,504.9,NA,NA,0,0,NA,NA,0,0,0,0,0,0,0,0,19.8952916666667,20.1622879464286,3.47573326338724,2012-08-07,20.23,20.339,16.887,17.10325,2012-08-08,16.764,2012-08-08,16.42225,3,39.6199825839139,39.5838988569508,0.000165161290322581,-0.00110730799497977,0.00112631561913671,0.000602352941176468
"25","10","2012-8-7",6,25.1238,200,"PZN",7.36,7.56,6.91,4,20,4,15.5,8.5,8.9,489.5,NA,NA,0,0,NA,NA,0,0,0,0,0,0,0,0,20.9952916666667,21.2622879464286,3.47573326338724,2012-08-07,21.33,21.439,17.987,18.20325,2012-08-08,17.864,2012-08-08,17.52225,6,39.4717421798066,39.4359278442651,0.00041290322580645,-0.000810833433034194,0.00295035908531167,0.00244705882352941
"26","26","2012-8-7",6,26.345,250,"PZN",6.29,6.58,6.52,4,20,4,15.5,8.5,7.46,410.3,NA,NA,0,0,NA,NA,0,0,0,0,0,0,0,0,20.8952916666667,21.1622879464286,3.47573326338724,2012-08-07,21.23,21.339,17.887,18.10325,2012-08-08,17.764,2012-08-08,17.42225,5,39.4851727257524,39.4493340249552,0.000598709677419355,-0.000629345677398362,0.000731012313615626,0.000225882352941178
"27","4","2012-8-7",6,27.126,300,"PZN",7.11,7.62,7.56,4,20,4,15.5,8.5,6.62,364.1,NA,NA,2.288214922,0.2,NA,NA,0,0,0.2,0,0.2,0,0,1,21.7952916666667,22.0622879464286,3.47573326338724,2012-08-07,22.13,22.239,18.787,19.00325,2012-08-08,18.664,2012-08-08,18.32225,7,39.3646258362405,39.3290055313698,0.00105290322580645,-0.00013705417077426,0.000714880942936869,0.000225882352941178
"28","7","2012-8-7",6,28.003,350,"PZN",6.28,6.9,6.61,4,20,4,15.5,8.5,6.55,360.25,NA,NA,0,0,NA,NA,0,0,0,0,0,0,0,0,22.4752916666667,22.7422879464286,3.47573326338724,2012-08-07,22.81,22.919,19.467,19.68325,2012-08-08,19.344,2012-08-08,19.00225,8,39.2740329970977,39.2385763812235,0.00128,0.000117714454970025,0.00156906017693414,0.00109176470588235
"29","23","2012-8-7",6,28.645,400,"PZN",6.74,7.38,7.2,4,20,4,15.5,8.5,5.49,301.95,NA,NA,0,0,NA,NA,0,0,0,0,0,0,0,0,23.7452916666667,24.0122879464286,3.47573326338724,2012-08-07,24.08,24.189,20.737,20.95325,2012-08-08,20.614,2012-08-08,20.27225,9,39.1059493802484,39.0707954710507,0.00132129032258064,0.000208272080954982,0.00113413507125846,0.000677647058823528
"30","18","2012-8-7",6,29.003,450,"PZN",5.48,6.99,5.88,4,20,4,15.5,8.5,5.43,298.65,NA,NA,4.416073696,0.4,NA,NA,0,0,0.4,0,0.4,0,0,1,24.5982916666667,24.8652879464286,3.47573326338724,2012-08-07,24.933,25.042,21.59,21.80625,2012-08-08,21.467,2012-08-08,21.12525,10,38.99386078379,38.9589080176096,0.00311741935483871,0.00203582821924692,0.00462205835059556,0.00417882352941177
"31","25","2012-7-10",2,22.377,0,"P",9.05,9.56,9.35,4,20,4,15.5,8.5,14.57,801.35,1.12148661,0.666666667,NA,NA,NA,NA,NA,NA,NA,NA,NA,NA,NA,NA,25.2698242424242,20.3886510067114,3.47088642218738,2012-07-10,22.516,22.74625,23.069,22.83675,2012-07-11,22.069,2012-07-11,22.068,1,38.9060689736819,39.5533580284203,0.00105290322580645,0.00108378058415403,0.0012743997212296,0.000790588235294121
"32","6","2012-7-10",2,23.234,50,"P",7.38,8.14,8.01,4,20,4,15.5,8.5,12.07,663.85,1.25661158,0,NA,NA,NA,NA,NA,NA,NA,NA,NA,NA,NA,NA,25.775755952381,20.9002879464286,3.47573326338724,2012-07-10,23.016,23.24625,23.569,23.33675,2012-07-11,22.569,2012-07-11,22.568,2,38.8401874099626,39.4845014811927,0.00156903225806452,0.00159939617867258,0.000965138599997103,0.000489411764705885
"33","15","2012-7-10",2,26.966,100,"P",7.91,8.71,8.58,4,20,4,15.5,8.5,11.36,624.8,0.92768636,0,NA,NA,NA,NA,NA,NA,NA,NA,NA,NA,NA,NA,26.275755952381,21.4002879464286,3.47573326338724,2012-07-10,23.516,23.74625,24.069,23.83675,2012-07-11,23.069,2012-07-11,23.068,3,38.7752971095666,39.4174422711685,0.00165161290322581,0.00168147552742313,0.000957246066508206,0.000489411764705885
"34","3","2012-7-10",2,27.684,150,"P",7.18,8.04,7.94,4,20,4,15.5,8.5,10.43,573.65,0.92494908,1,NA,NA,NA,NA,NA,NA,NA,NA,NA,NA,NA,NA,27.025755952381,22.1502879464286,3.47573326338724,2012-07-10,24.266,24.49625,24.819,24.58675,2012-07-11,23.819,2012-07-11,23.818,4,38.6783671885341,39.3172794628952,0.00177548387096774,0.00180461650753354,0.000832813461910562,0.000376470588235289
"35","29","2012-7-10",2,28.328,200,"P",7.25,8.19,7.81,4,20,4,15.5,8.5,9.74,535.7,1.06861915,23,NA,NA,NA,NA,NA,NA,NA,NA,NA,NA,NA,NA,27.925755952381,23.0502879464286,3.47573326338724,2012-07-10,25.166,25.39625,25.719,25.48675,2012-07-11,24.719,2012-07-11,24.718,6,38.5626890527112,39.1977539871321,0.00194064516129032,0.00196893509715724,0.00187366786112367,0.00143058823529412
"36","17","2012-7-10",2,27.356,250,"P",8,8.95,8.44,4,20,4,15.5,8.5,8.07,443.85,1.05371312,0.833333333,NA,NA,NA,NA,NA,NA,NA,NA,NA,NA,NA,NA,27.636755952381,22.7612879464286,3.47573326338724,2012-07-10,24.877,25.10725,25.43,25.19775,2012-07-11,24.43,2012-07-11,24.429,5,38.5997590945992,39.2360556559574,0.00196129032258064,0.00198984700986336,0.00236727772786055,0.00192
"37","27","2012-7-10",2,28.637,300,"P",7.87,8.83,8.2,4,20,4,15.5,8.5,6.51,358.05,1.12148661,0,NA,NA,NA,NA,NA,NA,NA,NA,NA,NA,NA,NA,28.3909523809524,23.5157217261905,3.47565794324478,2012-07-10,25.63,25.86,26.18,25.95,2012-07-11,25.18,2012-07-11,25.1825,7,38.5031676069554,39.1362261912695,0.00198193548387097,0.00200965102305817,0.00280751331017554,0.00237176470588236
"38","14","2012-7-10",2,29.458,350,"P",6.88,7.85,7.18,4,20,4,15.5,8.5,5.78,317.9,0.36643259,0.006644518,NA,NA,NA,NA,NA,NA,NA,NA,NA,NA,NA,NA,29.239755952381,24.3642879464286,3.47573326338724,2012-07-10,26.48,26.71025,27.033,26.80075,2012-07-11,26.033,2012-07-11,26.032,8,38.3950361466413,39.0245460706913,0.00200258064516129,0.0020297016587003,0.00294703944573859,0.00252235294117647
"39","1","2012-7-10",2,30.023,400,"P",6.98,8.06,7.21,4,20,4,15.5,8.5,5.73,315.15,1.26888433,0.5,NA,NA,NA,NA,NA,NA,NA,NA,NA,NA,NA,NA,30.116755952381,25.2412879464286,3.47573326338724,2012-07-10,27.357,27.58725,27.91,27.67775,2012-07-11,26.91,2012-07-11,26.909,9,38.2839487651642,38.909791580662,0.00222967741935484,0.00225605640161915,0.00361301333819102,0.0032
"40","8","2012-7-10",2,31.976,450,"P",6.65,7.91,6.98,4,20,4,15.5,8.5,5.6,308,0.92897423,0.052631579,NA,NA,NA,NA,NA,NA,NA,NA,NA,NA,NA,NA,30.767755952381,25.8922879464286,3.47573326338724,2012-07-10,28.008,28.23825,28.561,28.32875,2012-07-11,27.561,2012-07-11,27.56,10,38.2019030241079,38.8250444147413,0.00260129032258064,0.00262713715792388,0.00390581976073373,0.00350117647058823
"41","11","2012-7-10",2,22.853,0,"PZ",8.56,9.24,9.01,4,20,4,15.5,8.5,9.93,546.15,0.88414325,0.125,NA,NA,NA,NA,NA,NA,NA,NA,NA,NA,NA,NA,23.5593511904762,19.7778563988095,2.91039144008814,2012-07-10,22.312,22.47275,23.431,23.596,2012-07-11,21.413,2012-07-11,21.7305,3,39.1304685155259,39.6358744390032,0.00140387096774193,0.00178402584585167,0.00203182816258422,0.000865882352941178
"42","21","2012-7-10",2,23.476,50,"PZ",8.53,9.39,9.09,4,20,4,15.5,8.5,9.88,543.4,1.29965096,0.666666667,NA,NA,NA,NA,NA,NA,NA,NA,NA,NA,NA,NA,23.3493511904762,19.5678563988095,2.91039144008814,2012-07-10,22.102,22.26275,23.221,23.386,2012-07-11,21.203,2012-07-11,21.5205,2,39.1581972699681,39.6643243642091,0.00177548387096774,0.00215833005503039,0.00230365786795588,0.00112941176470589
"43","28","2012-7-10",2,26.966,100,"PZ",8.16,9.34,8.99,4,20,4,15.5,8.5,9.05,497.75,0.34657359,0,NA,NA,NA,NA,NA,NA,NA,NA,NA,NA,NA,NA,23.1863511904762,19.4048563988095,2.91039144008814,2012-07-10,21.939,22.09975,23.058,23.223,2012-07-11,21.04,2012-07-11,21.3575,1,39.179747169649,39.6864350943488,0.00243612903225806,0.00282108303403415,0.00249839423849991,0.00131764705882353
"44","19","2012-7-10",2,27.698,150,"PZ",6.46,7.87,7.47,4,20,4,15.5,8.5,6.26,344.3,1.01140426,1,NA,NA,NA,NA,NA,NA,NA,NA,NA,NA,NA,NA,24.5863511904762,20.8048563988095,2.91039144008814,2012-07-10,23.339,23.49975,24.458,24.623,2012-07-11,22.44,2012-07-11,22.7575,4,38.9954253893722,39.4973265485844,0.00291096774193548,0.00327834349502713,0.0026324223307789,0.00150588235294118
"45","12","2012-7-10",2,27.987,200,"PZ",7.99,9.56,8.93,4,20,4,15.5,8.5,5.39,296.45,0.94524366,6,NA,NA,NA,NA,NA,NA,NA,NA,NA,NA,NA,NA,25.5543511904762,21.7728563988095,2.91039144008814,2012-07-10,24.307,24.46775,25.426,25.591,2012-07-11,23.408,2012-07-11,23.7255,6,38.8689908838076,39.3676218920359,0.00324129032258065,0.0035971769790497,0.00346288600298784,0.00237176470588236
"46","13","2012-7-10",2,27.568,250,"PZ",6.34,7.96,7.29,4,20,4,15.5,8.5,3.3,181.5,1.21284963,1,NA,NA,NA,NA,NA,NA,NA,NA,NA,NA,NA,NA,25.3723511904762,21.5908563988095,2.91039144008814,2012-07-10,24.125,24.28575,25.244,25.409,2012-07-11,23.226,2012-07-11,23.5435,5,38.8927000388705,39.3919434452298,0.00334451612903226,0.00370252325909873,0.00362001058831952,0.00252235294117647
"47","22","2012-7-10",2,28.035,300,"PZ",6.81,8.93,7.93,4,20,4,15.5,8.5,2.75,151.25,1.16744095,5,NA,NA,NA,NA,NA,NA,NA,NA,NA,NA,NA,NA,26.2723511904762,22.4908563988095,2.91039144008814,2012-07-10,25.025,25.18575,26.144,26.309,2012-07-11,24.126,2012-07-11,24.4435,7,38.7757382483952,39.2719642704669,0.00437677419354839,0.0047244686185671,0.00483057751295594,0.00376470588235294
"48","20","2012-7-10",2,29.023,350,"PZ",7.05,9.4,8.53,4,20,4,15.5,8.5,2.51,138.05,1.17704731,4,NA,NA,NA,NA,NA,NA,NA,NA,NA,NA,NA,NA,26.8683511904762,23.0868563988095,2.91039144008814,2012-07-10,25.621,25.78175,26.74,26.905,2012-07-11,24.722,2012-07-11,25.0395,8,38.6986699619145,39.1929128360673,0.00485161290322581,0.00519271072671116,0.00432083736740778,0.00327529411764706
"49","9","2012-7-10",2,30.213,400,"PZ",5.41,8.32,7.49,4,20,4,15.5,8.5,2.42,133.1,1.08197783,0,NA,NA,NA,NA,NA,NA,NA,NA,NA,NA,NA,NA,28.5983511904762,24.8168563988095,2.91039144008814,2012-07-10,27.351,27.51175,28.47,28.635,2012-07-11,26.452,2012-07-11,26.7695,9,38.4766903033062,38.9652435898525,0.00600774193548387,0.00633067699859442,0.00411429353030889,0.00312470588235294
"50","30","2012-7-10",2,31.465,450,"PZ",5.17,8.5,7.55,4,20,4,15.5,8.5,1.83,100.65,1.08613999,0,NA,NA,NA,NA,NA,NA,NA,NA,NA,NA,NA,NA,29.4103511904762,25.6288563988095,2.91039144008814,2012-07-10,28.163,28.32375,29.282,29.447,2012-07-11,27.264,2012-07-11,27.5815,10,38.3733768009631,38.8592934208818,0.00687483870967742,0.00718972394566511,0.004541265868684,0.00357647058823529
"51","2","2012-7-10",2,22.948,0,"PZN",8.37,8.79,8.76,4,20,4,15.5,8.5,14.37,790.35,1.03091841,0,NA,NA,NA,NA,NA,NA,NA,NA,NA,NA,NA,2,24.442755952381,19.5672879464286,3.47573326338724,2012-07-10,21.683,21.91325,22.236,22.00375,2012-07-11,21.236,2012-07-11,21.235,1,39.0142510534079,39.6644014311969,0.000867096774193548,0.000898857536396896,0.000610665093239357,0.000112941176470586
"52","24","2012-7-10",2,23.687,50,"PZN",8.02,9.07,9.03,4,20,4,15.5,8.5,12.6,693,1.29115317,0.666666667,NA,NA,NA,NA,NA,NA,NA,NA,NA,NA,NA,2,25.348755952381,20.4732879464286,3.47573326338724,2012-07-10,22.589,22.81925,23.142,22.90975,2012-07-11,22.142,2012-07-11,22.141,4,38.8957759106457,39.5419509419271,0.00216774193548387,0.00219854356031367,0.00063320715160603,0.000150588235294121
"53","5","2012-7-10",2,26.945,100,"PZN",6.54,7.88,7.53,4,20,4,15.5,8.5,10.23,562.65,1.01140426,1,NA,NA,NA,NA,NA,NA,NA,NA,NA,NA,NA,1,24.448755952381,19.5732879464286,3.47573326338724,2012-07-10,21.689,21.91925,22.242,22.00975,2012-07-11,21.242,2012-07-11,21.241,2,39.0134640758138,39.663588006259,0.00276645161290323,0.00279820588332569,0.00181526872841675,0.00131764705882353
"54","16","2012-7-10",2,27.012,150,"PZN",7.35,8.88,8.57,4,20,4,15.5,8.5,9.82,540.1,1.24873036,7.5,NA,NA,NA,NA,NA,NA,NA,NA,NA,NA,NA,1,25.037755952381,20.1622879464286,3.47573326338724,2012-07-10,22.278,22.50825,22.831,22.59875,2012-07-11,21.831,2012-07-11,21.83,3,38.9363633398107,39.5838988569508,0.00315870967741936,0.00318983580847255,0.00165478786068276,0.00116705882352941
"55","10","2012-7-10",2,26.568,200,"PZN",7.16,8.91,8.55,4,20,4,15.5,8.5,8.09,444.95,1.33507668,0.090909091,NA,NA,NA,NA,NA,NA,NA,NA,NA,NA,NA,1,26.137755952381,21.2622879464286,3.47573326338724,2012-07-10,23.378,23.60825,23.931,23.69875,2012-07-11,22.931,2012-07-11,22.93,6,38.7931851591179,39.4359278442651,0.00361290322580645,0.00364290301631617,0.00182528790684079,0.00135529411764706
"56","26","2012-7-10",2,27.238,250,"PZN",8.11,9.93,9.36,4,20,4,15.5,8.5,7.62,419.1,1.15413337,0,NA,NA,NA,NA,NA,NA,NA,NA,NA,NA,NA,2,26.037755952381,21.1622879464286,3.47573326338724,2012-07-10,23.278,23.50825,23.831,23.59875,2012-07-11,22.831,2012-07-11,22.83,5,38.8061578304234,39.4493340249552,0.00375741935483871,0.00378751910580145,0.0026174499205202,0.00214588235294118
"57","4","2012-7-10",2,28.023,300,"PZN",6.31,8.17,7.08,4,20,4,15.5,8.5,6.63,364.65,0.9865007,0,NA,NA,NA,NA,NA,NA,NA,NA,NA,NA,NA,2,26.937755952381,22.0622879464286,3.47573326338724,2012-07-10,24.178,24.40825,24.731,24.49875,2012-07-11,23.731,2012-07-11,23.73,7,38.6897151973961,39.3290055313698,0.00384,0.00386921695634341,0.00456119954084282,0.00410352941176471
"58","7","2012-7-10",2,29.789,350,"PZN",5.69,7.8,7.01,4,20,4,15.5,8.5,5.54,304.7,1.05863855,0,NA,NA,NA,NA,NA,NA,NA,NA,NA,NA,NA,1,27.617755952381,22.7422879464286,3.47573326338724,2012-07-10,24.858,25.08825,25.411,25.17875,2012-07-11,24.411,2012-07-11,24.41,8,38.60219872236,39.2385763812235,0.00435612903225806,0.00438470338286825,0.00342167336786885,0.00297411764705882
"59","23","2012-7-10",2,30.123,400,"PZN",6.65,8.73,7.94,4,20,4,15.5,8.5,5.23,287.65,1.12513014,0.5,NA,NA,NA,NA,NA,NA,NA,NA,NA,NA,NA,2,28.887755952381,24.0122879464286,3.47573326338724,2012-07-10,26.128,26.35825,26.681,26.44875,2012-07-11,25.681,2012-07-11,25.68,9,38.4398046159056,39.0707954710507,0.0042941935483871,0.00432162081223819,0.00340362252015565,0.00297411764705882
"60","18","2012-7-10",2,31.003,450,"PZN",5.86,8.53,7.92,4,20,4,15.5,8.5,5.13,282.15,1.11928504,0.2,NA,NA,NA,NA,NA,NA,NA,NA,NA,NA,NA,1,29.740755952381,24.8652879464286,3.47573326338724,2012-07-10,26.981,27.21125,27.534,27.30175,2012-07-11,26.534,2012-07-11,26.533,10,38.3314969213099,38.9589080176096,0.00551225806451613,0.00553895157491122,0.00271443161767558,0.00229647058823529
"61","25","2012-8-14",7,17.665,0,"P",8.49,9.09,8.59,5,20,5,14.5,9.5,12.01,660.55,0.81672045,0,0,0,NA,NA,NA,NA,NA,NA,NA,NA,NA,NA,17.4894404761905,20.3886510067114,3.47088642218738,2012-08-14,16.665,16.7665,17.986,18.29625,2012-08-15,16.123,2012-08-15,16.029,1,39.9481176862085,39.5533580284203,0.00132413793103448,0.00199502269218186,0.0032228036725974,0.00168421052631579
"62","6","2012-8-14",7,18.711,50,"P",7.86,8.47,7.96,5,20,5,14.5,9.5,11.88,653.4,0.74497587,0.037037037,0,0,NA,NA,NA,NA,NA,NA,NA,NA,NA,NA,17.9894404761905,20.9002879464286,3.47573326338724,2012-08-14,17.165,17.2665,18.486,18.79625,2012-08-15,16.623,2012-08-15,16.529,2,39.8794758179317,39.4845014811927,0.00134620689655172,0.00200502138309227,0.00322864111335708,0.00171789473684211
"63","15","2012-8-14",7,21.664,100,"P",7.84,8.67,8.15,5,20,5,14.5,9.5,10.43,573.65,0.86946894,0,0,0,NA,NA,NA,NA,NA,NA,NA,NA,NA,NA,18.4894404761905,21.4002879464286,3.47573326338724,2012-08-14,17.665,17.7665,18.986,19.29625,2012-08-15,17.123,2012-08-15,17.029,3,39.8110694362927,39.4174422711685,0.00183172413793103,0.00247877701159817,0.00323519490680544,0.00175157894736842
"64","3","2012-8-14",7,22.654,150,"P",7.01,7.97,7.41,5,20,5,14.5,9.5,9.6,528,0.8148023,0,0,0,NA,NA,NA,NA,NA,NA,NA,NA,NA,NA,19.2394404761905,22.1502879464286,3.47573326338724,2012-08-14,18.415,18.5165,19.736,20.04625,2012-08-15,17.873,2012-08-15,17.779,4,39.7088987572476,39.3172794628952,0.00211862068965517,0.00274858769142554,0.00333052747093943,0.00188631578947368
"65","29","2012-8-14",7,23.65,200,"P",6.56,7.58,6.89,5,20,5,14.5,9.5,9.83,540.65,1.18857464,0,0,0,NA,NA,NA,NA,NA,NA,NA,NA,NA,NA,20.1394404761905,23.0502879464286,3.47573326338724,2012-08-14,19.315,19.4165,20.636,20.94625,2012-08-15,18.773,2012-08-15,18.679,6,39.5869840506374,39.1977539871321,0.00225103448275862,0.00286133910316874,0.00372308709885974,0.00232421052631579
"66","17","2012-8-14",7,24.035,250,"P",7.451,8.56,7.85,5,20,5,14.5,9.5,8.82,485.1,0.87875055,0,0,0,NA,NA,NA,NA,NA,NA,NA,NA,NA,NA,19.8504404761905,22.7612879464286,3.47573326338724,2012-08-14,19.026,19.1275,20.347,20.65725,2012-08-15,18.484,2012-08-15,18.39,5,39.6260505392246,39.2360556559574,0.00244744827586207,0.00306396970709395,0.00380478816837975,0.00239157894736842
"67","27","2012-8-14",7,25.138,300,"P",6.21,7.47,6.74,5,20,5,14.5,9.5,7.75,426.25,0.99815023,0,0,0,NA,NA,NA,NA,NA,NA,NA,NA,NA,NA,20.605,23.5157217261905,3.47565794324478,2012-08-14,19.78,19.8825,21.1,21.41,2012-08-15,19.24,2012-08-15,19.145,7,39.5242123081818,39.1362261912695,0.00278068965517241,0.00338029748240481,0.00383383544730036,0.00245894736842105
"68","14","2012-8-14",7,26.486,350,"P",6.891,8.24,7.42,5,20,5,14.5,9.5,7.25,398.75,0.61254621,0,0,0,NA,NA,NA,NA,NA,NA,NA,NA,NA,NA,21.4534404761905,24.3642879464286,3.47573326338724,2012-08-14,20.629,20.7305,21.95,22.26025,2012-08-15,20.087,2012-08-15,19.993,8,39.4103269297071,39.0245460706913,0.00297710344827586,0.00356024489024259,0.00409837246922025,0.0027621052631579
"69","1","2012-8-14",7,27.312,400,"P",5.87,7.4,6.54,5,20,5,14.5,9.5,7.35,404.25,0.97452369,0.010638298,0,0,NA,NA,NA,NA,NA,NA,NA,NA,NA,NA,22.3304404761905,25.2412879464286,3.47573326338724,2012-08-14,21.506,21.6075,22.827,23.13725,2012-08-15,20.964,2012-08-15,20.87,9,39.2932957944756,38.909791580662,0.00337655172413793,0.00394251774138993,0.00419353337577104,0.00289684210526316
"70","8","2012-8-14",7,28.302,450,"P",5.76,7.69,6.78,5,20,5,14.5,9.5,6.76,371.8,0.64148019,0.005128205,0,0,NA,NA,NA,NA,NA,NA,NA,NA,NA,NA,22.9814404761905,25.8922879464286,3.47573326338724,2012-08-14,22.157,22.2585,23.478,23.78825,2012-08-15,21.615,2012-08-15,21.521,10,39.2068716743651,38.8250444147413,0.00425931034482759,0.00481299183520377,0.00433365414315036,0.00306526315789474
"71","11","2012-8-14",7,17.95,0,"PZ",8.37,8.98,8.41,5,20,5,14.5,9.5,8.8,484,0.72395312,0,0,0,NA,NA,0,0,0,0,0,0,0,NA,17.2809642857143,19.7778563988095,2.91039144008814,2012-08-14,16.665,16.7665,17.986,18.29625,2012-08-15,16.578,2012-08-15,16.6545,3,39.9768079291682,39.6358744390032,0.00134620689655173,0.00201709165769911,0.00302123017826674,0.00192
"72","21","2012-8-14",7,18.746,50,"PZ",7.83,8.56,7.99,5,20,5,14.5,9.5,6.76,371.8,1.26525851,0.068965517,13.91123998,1.2,NA,NA,0.181818182,0.2,1,0.2,1,0,0,NA,17.0709642857143,19.5678563988095,2.91039144008814,2012-08-14,16.455,16.5565,17.776,18.08625,2012-08-15,16.368,2012-08-15,16.4445,2,40.0057495700035,39.6643243642091,0.00161103448275862,0.00228708334355907,0.00302971457759385,0.00192
"73","28","2012-8-14",7,21.76,100,"PZ",8.64,9.44,8.74,5,20,5,14.5,9.5,6.05,332.75,0.80697926,0,4.404706594,0.4,NA,NA,0,0,0.4,0,0.4,0,0,NA,16.9079642857143,19.4048563988095,2.91039144008814,2012-08-14,16.292,16.3935,17.613,17.92325,2012-08-15,16.205,2012-08-15,16.2815,1,40.0282426988004,39.6864350943488,0.00176551724137931,0.00244561376547637,0.00347425951524211,0.0023578947368421
"74","19","2012-8-14",7,22.039,150,"PZ",8.39,9.23,8.49,5,20,5,14.5,9.5,4.26,234.3,0.90192472,0,9.144397961,0.8,NA,NA,0,0,0.8,0,0.8,0,0,NA,18.3079642857143,20.8048563988095,2.91039144008814,2012-08-14,17.692,17.7935,19.013,19.32325,2012-08-15,17.605,2012-08-15,17.6815,4,39.8358705475077,39.4973265485844,0.00185379310344828,0.00250021943329602,0.00355367874896267,0.00249263157894737
"75","12","2012-8-14",7,23.658,200,"PZ",7.06,7.96,7.17,5,20,5,14.5,9.5,2.81,154.55,0.87840033,0,0,0,NA,NA,0,0,0,0,0,0,0,NA,19.2759642857143,21.7728563988095,2.91039144008814,2012-08-14,18.66,18.7615,19.981,20.29125,2012-08-15,18.573,2012-08-15,18.6495,6,39.7039365967149,39.3676218920359,0.00198620689655173,0.00261073249939473,0.00368612053469747,0.00266105263157895
"76","13","2012-8-14",7,24.103,250,"PZ",7.61,8.55,7.712,5,20,5,14.5,9.5,1.84,101.2,0.90170026,0.066666667,0,0,NA,NA,0,0,0,0,0,0,0,NA,19.0939642857143,21.5908563988095,2.91039144008814,2012-08-14,18.478,18.5795,19.799,20.10925,2012-08-15,18.391,2012-08-15,18.4675,5,39.728675609992,39.3919434452298,0.00207448275862069,0.00270304407705339,0.00385443463797042,0.00282273684210527
"77","22","2012-8-14",7,25.326,300,"PZ",6.68,7.76,6.78,5,20,5,14.5,9.5,1.64,90.2,0.87098485,0,1.88010558,0.6,NA,NA,1.333333333,0.4,0.2,0.2,0.4,0,0,NA,19.9939642857143,22.4908563988095,2.91039144008814,2012-08-14,19.378,19.4795,20.699,21.00925,2012-08-15,19.291,2012-08-15,19.3675,7,39.6066396215164,39.2719642704669,0.00238344827586207,0.00299240960190765,0.00430055197803897,0.00330105263157895
"78","20","2012-8-14",7,26.456,350,"PZ",7.64,8.79,7.68,5,20,5,14.5,9.5,1.5,82.5,1.00133651,0.25,17.55748268,2.6,NA,NA,5.2,2.6,0.4,1,1.4,0,0.2,NA,20.5899642857143,23.0868563988095,2.91039144008814,2012-08-14,19.974,20.0755,21.295,21.60525,2012-08-15,19.887,2012-08-15,19.9635,8,39.5262364739774,39.1929128360673,0.00253793103448276,0.00313439132025265,0.00471791095074196,0.00373894736842105
"79","9","2012-8-14",7,27.312,400,"PZ",6.696,7.98,6.781,5,20,5,14.5,9.5,1.426,78.43,1.19340857,0.25,0,0,NA,NA,0,0,0,0,0,0,0,NA,22.3199642857143,24.8168563988095,2.91039144008814,2012-08-14,21.704,21.8055,23.025,23.33525,2012-08-15,21.617,2012-08-15,21.6935,9,39.2946896861895,38.9652435898525,0.00283365517241379,0.00339584391155594,0.004961404482601,0.00403873684210527
"80","30","2012-8-14",7,28.003,450,"PZ",6.493,7.86,6.53,5,20,5,14.5,9.5,0.59,32.45,0.93590109,0,8.088750163,0.8,NA,NA,0,0,0,0.8,0,0,0,NA,23.1319642857143,25.6288563988095,2.91039144008814,2012-08-14,22.516,22.6175,23.837,24.14725,2012-08-15,22.429,2012-08-15,22.5055,10,39.1869428304857,38.8592934208818,0.0030168275862069,0.00356389750330954,0.00537783411550621,0.00448
"81","2","2012-8-14",7,17.76,0,"PZN",8.21,8.83,7.86,5,20,5,14.5,9.5,11.02,606.1,0.95468092,0.02,0,0,NA,NA,0,0,0,0,0,0,0,1,16.6564404761905,19.5672879464286,3.47573326338724,2012-08-14,15.832,15.9335,17.153,17.46325,2012-08-15,15.29,2012-08-15,15.196,1,40.0630013117129,39.6644014311969,0.00136827586206896,0.00205998422187401,0.00485401299471551,0.00326736842105263
"82","24","2012-8-14",7,18.413,50,"PZN",8.03,8.7,7.42,5,20,5,14.5,9.5,10.98,603.9,1.01552713,0.011764706,3.649899807,0.8,NA,NA,0,0,0.8,0.6,0.2,0,0,1,17.5624404761905,20.4732879464286,3.47573326338724,2012-08-14,16.738,16.8395,18.059,18.36925,2012-08-15,16.196,2012-08-15,16.102,4,39.9380812458953,39.5419509419271,0.00147862068965517,0.00214772354349011,0.00584606086153583,0.00431157894736842
"83","5","2012-8-14",7,21.697,100,"PZN",7.48,8.3,7.98,5,20,5,14.5,9.5,9.52,523.6,1.02466918,0.019607843,0,0,NA,NA,0,0,0,0,0,0,0,1,16.6624404761905,19.5732879464286,3.47573326338724,2012-08-14,15.838,15.9395,17.159,17.46925,2012-08-15,15.296,2012-08-15,15.202,2,40.06217145608,39.663588006259,0.00180965517241379,0.00250121025168459,0.00266418556141009,0.00107789473684211
"84","16","2012-8-14",7,22.456,150,"PZN",7.22,8.08,7.1,5,20,5,14.5,9.5,8.45,464.75,0.46179209,0,0,0,NA,NA,0,0,0,0,0,0,0,1,17.2514404761905,20.1622879464286,3.47573326338724,2012-08-14,16.427,16.5285,17.748,18.05825,2012-08-15,15.885,2012-08-15,15.791,3,39.9808742919767,39.5838988569508,0.00189793103448276,0.00257467274041944,0.00485315964367505,0.00330105263157895
"85","10","2012-8-14",7,23.015,200,"PZN",6.711,7.63,7.14,5,20,5,14.5,9.5,7.02,386.1,0.71944729,0,0,0,NA,NA,0,0,0,0,0,0,0,0,18.3514404761905,21.2622879464286,3.47573326338724,2012-08-14,17.527,17.6285,18.848,19.15825,2012-08-15,16.985,2012-08-15,16.891,6,39.8299261392945,39.4359278442651,0.00202813793103448,0.00267840676404229,0.00314156008317372,0.00165052631578947
"86","26","2012-8-14",7,24.687,250,"PZN",6.64,7.76,7.52,5,20,5,14.5,9.5,6.83,375.65,0.9382859,0,2.340132442,0.2,NA,NA,0,0,0.2,0,0.2,0,0,1,18.2514404761905,21.1622879464286,3.47573326338724,2012-08-14,17.427,17.5285,18.748,19.05825,2012-08-15,16.885,2012-08-15,16.791,5,39.8436015827787,39.4493340249552,0.00247172413793103,0.00312433770140047,0.00230486328429792,0.00080842105263158
"87","4","2012-8-14",7,25.687,300,"PZN",6.05,7.36,7.03,5,20,5,14.5,9.5,6.56,360.8,0.98476309,0,0,0,NA,NA,0,0,0,0,0,0,0,0,19.1514404761905,22.0622879464286,3.47573326338724,2012-08-14,18.327,18.4285,19.648,19.95825,2012-08-15,17.785,2012-08-15,17.691,7,39.7208596193434,39.3290055313698,0.00289103448275862,0.00352297252789515,0.00256033588531247,0.00111157894736842
"88","7","2012-8-14",7,26.315,350,"PZN",5.215,6.7,5.87,5,20,5,14.5,9.5,6.08,334.4,0.91688273,0,0,0,NA,NA,0,0,0,0,0,0,0,1,19.8314404761905,22.7422879464286,3.47573326338724,2012-08-14,19.007,19.1085,20.328,20.63825,2012-08-15,18.465,2012-08-15,18.371,8,39.6286216257139,39.2385763812235,0.00327724137931035,0.00389417470125772,0.0042099483379154,0.00279578947368421
"89","23","2012-8-14",7,27.453,400,"PZN",5.56,7.53,5.65,5,20,5,14.5,9.5,5.94,326.7,0.99950397,0,0,0,NA,NA,0,0,0,0,0,0,0,1,21.1014404761905,24.0122879464286,3.47573326338724,2012-08-14,20.277,20.3785,21.598,21.90825,2012-08-15,19.735,2012-08-15,19.641,9,39.4574958080941,39.0707954710507,0.00434758620689655,0.00493783167667904,0.00768527082330352,0.00633263157894737
"90","18","2012-8-14",7,28.645,450,"PZN",4.74,7.45,5.32,5,20,5,14.5,9.5,5.43,298.65,0.90109312,0,0,0,NA,NA,0,0,0,0,0,0,0,0,21.9544404761905,24.8652879464286,3.47573326338724,2012-08-14,21.13,21.2315,22.451,22.76125,2012-08-15,20.588,2012-08-15,20.494,10,39.3433858327706,38.9589080176096,0.00598068965517241,0.00655392941960467,0.00848818724004126,0.00717473684210526
"91","25","2012-7-17",3,21.236,0,"P",15.68,15.83,15.68,4,20,4,15.5,8.5,9.89,543.95,0.79248129,0,NA,NA,NA,NA,NA,NA,NA,NA,NA,NA,NA,NA,23.1386726190476,20.3886510067114,3.47088642218738,2012-07-17,23.21,23.469,19.034,19.59925,2012-07-18,19.032,2012-07-18,18.64675,1,39.1860551413754,39.5533580284203,0.000309677419354839,-0.00106969189329523,0.00123753912504714,0.000564705882352943
"92","6","2012-7-17",3,20.57,50,"P",13.86,14.23,13.88,4,20,4,15.5,8.5,9.6,528,1.16159287,0.230769231,NA,NA,NA,NA,NA,NA,NA,NA,NA,NA,NA,NA,23.6386726190476,20.9002879464286,3.47573326338724,2012-07-17,23.71,23.969,19.534,20.09925,2012-07-18,19.532,2012-07-18,19.14675,2,39.1200049955947,39.4845014811927,0.000763870967741938,-0.000592118616190037,0.00197866858631573,0.00131764705882353
"93","15","2012-7-17",3,24.855,100,"P",11.72,12.5,12.184,4,20,4,15.5,8.5,8.8,484,0.91447599,0,NA,NA,NA,NA,NA,NA,NA,NA,NA,NA,NA,NA,24.1386726190476,21.4002879464286,3.47573326338724,2012-07-17,24.21,24.469,20.034,20.59925,2012-07-18,20.032,2012-07-18,19.64675,3,39.0541771370888,39.4174422711685,0.00161032258064516,0.000277149109084161,0.001839151641353,0.00118964705882353
"94","3","2012-7-17",3,26.605,150,"P",15.56,16.51,15.95,4,20,4,15.5,8.5,7.73,425.15,0.77148194,0,NA,NA,NA,NA,NA,NA,NA,NA,NA,NA,NA,NA,24.8886726190476,22.1502879464286,3.47573326338724,2012-07-17,24.96,25.219,20.784,21.34925,2012-07-18,20.782,2012-07-18,20.39675,4,38.9558496894712,39.3172794628952,0.00196129032258065,0.000661322478261296,0.00274099646393957,0.00210823529411766
"95","29","2012-7-17",3,27.63,200,"P",14.63,15.63,14.96,4,20,4,15.5,8.5,6.57,361.35,0.75793865,0,NA,NA,NA,NA,NA,NA,NA,NA,NA,NA,NA,NA,25.7886726190476,23.0502879464286,3.47573326338724,2012-07-17,25.86,26.119,21.684,22.24925,2012-07-18,21.682,2012-07-18,21.29675,6,38.8385083444557,39.1977539871321,0.00206451612903226,0.00080285236778156,0.00313582652691245,0.00252235294117647
"96","17","2012-7-17",3,29.023,250,"P",10.87,11.88,10.94,4,20,4,15.5,8.5,5.27,289.85,1.0134416,0,NA,NA,NA,NA,NA,NA,NA,NA,NA,NA,NA,NA,25.4996726190476,22.7612879464286,3.47573326338724,2012-07-17,25.571,25.83,21.395,21.96025,2012-07-18,21.393,2012-07-18,21.00775,5,38.8761108276111,39.2360556559574,0.00208516129032258,0.000811375965164049,0.00415839767872606,0.00353882352941177
"97","27","2012-7-17",3,30.102,300,"P",15.61,16.65,15.71,4,20,4,15.5,8.5,5.02,276.1,1.25851025,0.666666667,NA,NA,NA,NA,NA,NA,NA,NA,NA,NA,NA,NA,26.255,23.5157217261905,3.47565794324478,2012-07-17,26.33,26.585,22.15,22.7175,2012-07-18,22.15,2012-07-18,21.7625,7,38.7779865156596,39.1362261912695,0.00214709677419355,0.000905402717782239,0.00414420447521569,0.00353882352941176
"98","14","2012-7-17",3,31.146,350,"P",7.86,9.03,7.96,4,20,4,15.5,8.5,4.45,244.75,0.96017647,0,NA,NA,NA,NA,NA,NA,NA,NA,NA,NA,NA,NA,27.1026726190476,24.3642879464286,3.47573326338724,2012-07-17,27.174,27.433,22.998,23.56325,2012-07-18,22.996,2012-07-18,22.61075,8,38.6684538776986,39.0245460706913,0.00241548387096774,0.00120690063431364,0.00461502877202295,0.00402823529411764
"99","1","2012-7-17",3,31.456,400,"P",14.69,16.24,14.83,4,20,4,15.5,8.5,4.17,229.35,1.16282425,0,NA,NA,NA,NA,NA,NA,NA,NA,NA,NA,NA,NA,27.9796726190476,25.2412879464286,3.47573326338724,2012-07-17,28.051,28.31,23.875,24.44025,2012-07-18,23.873,2012-07-18,23.48775,9,38.5557810391788,38.909791580662,0.0032,0.00202508059502584,0.00587813756022723,0.00530823529411764
"100","8","2012-7-17",3,32.456,450,"P",7.84,11.62,10.33,4,20,4,15.5,8.5,3.95,217.25,1.23768061,0.275862069,NA,NA,NA,NA,NA,NA,NA,NA,NA,NA,NA,NA,28.6306726190476,25.8922879464286,3.47573326338724,2012-07-17,28.702,28.961,24.526,25.09125,2012-07-18,24.524,2012-07-18,24.13875,10,38.4725673088292,38.8250444147413,0.00780387096774193,0.00665307817098903,0.00541428131371468,0.00485647058823529
"101","11","2012-7-17",3,20.475,0,"PZ",12.76,12.9,12.46,4,20,4,15.5,8.5,7.17,394.35,1.21290295,0.666666667,NA,NA,NA,NA,NA,NA,NA,NA,NA,NA,NA,NA,22.2958988095238,19.7778563988095,2.91039144008814,2012-07-17,20.976,20.956,20.41,20.47725,2012-07-18,19.789,2012-07-18,19.8985,3,39.2978920517587,39.6358744390032,0.000289032258064517,0.000113682962010895,0.00205020546974591,0.00165647058823529
"102","21","2012-7-17",3,21.249,50,"PZ",11.86,12.11,11.58,4,20,4,15.5,8.5,6.88,378.4,0.57558353,0.006688963,NA,NA,NA,NA,NA,NA,NA,NA,NA,NA,NA,NA,22.0858988095238,19.5678563988095,2.91039144008814,2012-07-17,20.766,20.746,20.2,20.26725,2012-07-18,19.579,2012-07-18,19.6885,2,39.325858678982,39.6643243642091,0.000516129032258065,0.000339495029893394,0.0023919369309503,0.00199529411764706
"103","28","2012-7-17",3,25.046,100,"PZ",14.68,15.06,14.48,4,20,4,15.5,8.5,5.69,312.95,0.95307737,0,NA,NA,NA,NA,NA,NA,NA,NA,NA,NA,NA,NA,21.9228988095238,19.4048563988095,2.91039144008814,2012-07-17,20.603,20.583,20.037,20.10425,2012-07-18,19.416,2012-07-18,19.5255,1,39.3475935628807,39.6864350943488,0.00078451612903226,0.000606875636394835,0.00258245058509986,0.00218352941176471
"104","19","2012-7-17",3,26.451,150,"PZ",13.13,13.67,13.05,4,20,4,15.5,8.5,5.37,295.35,0.71910794,0,NA,NA,NA,NA,NA,NA,NA,NA,NA,NA,NA,NA,23.3228988095238,20.8048563988095,2.91039144008814,2012-07-17,22.003,21.983,21.437,21.50425,2012-07-18,20.816,2012-07-18,20.9255,4,39.1616928741072,39.4973265485844,0.00111483870967742,0.000945583387531626,0.00271406216809716,0.00233411764705882
"105","12","2012-7-17",3,28.001,200,"PZ",12.58,13.15,12.51,4,20,4,15.5,8.5,5.29,290.95,0.50620826,0,NA,NA,NA,NA,NA,NA,NA,NA,NA,NA,NA,NA,24.2908988095238,21.7728563988095,2.91039144008814,2012-07-17,22.971,22.951,22.405,22.47225,2012-07-18,21.784,2012-07-18,21.8935,6,39.0341796577459,39.3676218920359,0.00117677419354839,0.00101298882494577,0.00277698282342628,0.00240941176470588
"106","13","2012-7-17",3,29.1465,250,"PZ",10.82,11.43,10.22,4,20,4,15.5,8.5,4.86,267.3,0.66483067,0,NA,NA,NA,NA,NA,NA,NA,NA,NA,NA,NA,NA,24.1088988095238,21.5908563988095,2.91039144008814,2012-07-17,22.789,22.769,22.223,22.29025,2012-07-18,21.602,2012-07-18,21.7115,5,39.0580908254228,39.3919434452298,0.00125935483870968,0.00109456055029667,0.00492514708839327,0.00455529411764705
"107","22","2012-7-17",3,30.125,300,"PZ",10.51,11.52,10.25,4,20,4,15.5,8.5,4.34,238.7,0.69208456,0,NA,NA,NA,NA,NA,NA,NA,NA,NA,NA,NA,NA,25.0088988095238,22.4908563988095,2.91039144008814,2012-07-17,23.689,23.669,23.123,23.19025,2012-07-18,22.502,2012-07-18,22.6115,7,38.9401336708435,39.2719642704669,0.00208516129032258,0.00192527104666475,0.00513993925103405,0.00478117647058823
"108","20","2012-7-17",3,31.456,350,"PZ",10.69,11.83,10.48,4,20,4,15.5,8.5,3.75,206.25,1.0014928,0.052631579,NA,NA,NA,NA,NA,NA,NA,NA,NA,NA,NA,NA,25.6048988095238,23.0868563988095,2.91039144008814,2012-07-17,24.285,24.265,23.719,23.78625,2012-07-18,23.098,2012-07-18,23.2075,8,38.8624111694366,39.1929128360673,0.00235354838709678,0.00219679141958555,0.00543403197115409,0.00508235294117647
"109","9","2012-7-17",3,31.465,400,"PZ",9.98,11.26,9.78,4,20,4,15.5,8.5,2.86,157.3,1.10638814,0.2,NA,NA,NA,NA,NA,NA,NA,NA,NA,NA,NA,NA,27.3348988095238,24.8168563988095,2.91039144008814,2012-07-17,26.015,25.995,25.449,25.51625,2012-07-18,24.828,2012-07-18,24.9375,9,38.6385544961375,38.9652435898525,0.00264258064516129,0.00249443578026912,0.00590398140242991,0.00557176470588235
"110","30","2012-7-17",3,32.458,450,"PZ",12.02,13.9,12.05,4,20,4,15.5,8.5,2.11,116.05,1.1285153,0,NA,NA,NA,NA,NA,NA,NA,NA,NA,NA,NA,NA,28.1468988095238,25.6288563988095,2.91039144008814,2012-07-17,26.827,26.807,26.261,26.32825,2012-07-18,25.64,2012-07-18,25.7495,10,38.5343711013395,38.8592934208818,0.00388129032258065,0.00373695527233612,0.00728831667076623,0.00696470588235294
"111","2","2012-7-17",3,21.616,0,"PZN",20.28,20.97,17.25,4,20,4,15.5,8.5,9.73,535.15,1.42989837,2.25,NA,NA,NA,NA,NA,NA,NA,NA,NA,NA,NA,1,22.3056726190476,19.5672879464286,3.47573326338724,2012-07-17,22.377,22.636,18.201,18.76625,2012-07-18,18.199,2012-07-18,17.81375,1,39.2965913990885,39.6644014311969,0.00142451612903225,4.89461941760745e-06,0.0146978991095776,0.0140047058823529
"112","24","2012-7-17",3,21.978,50,"PZN",11.71,12.44,11.94,4,20,4,15.5,8.5,8.63,474.65,0.82049631,0.025974026,NA,NA,NA,NA,NA,NA,NA,NA,NA,NA,NA,2,23.2116726190476,20.4732879464286,3.47573326338724,2012-07-17,23.283,23.542,19.107,19.67225,2012-07-18,19.105,2012-07-18,18.71975,4,39.1763979188898,39.5419509419271,0.00150709677419355,0.000131176734711623,0.00255344291999016,0.00188235294117647
"113","5","2012-7-17",3,25.364,100,"PZN",14.93,15.75,15.25,4,20,4,15.5,8.5,7.77,427.35,1.13945901,0,NA,NA,NA,NA,NA,NA,NA,NA,NA,NA,NA,0,22.3116726190476,19.5732879464286,3.47573326338724,2012-07-17,22.383,22.642,18.207,18.77225,2012-07-18,18.205,2012-07-18,17.81975,2,39.2957929899153,39.663588006259,0.00169290322580645,0.000273577631660865,0.0025753963808615,0.00188235294117647
"114","16","2012-7-17",3,26.657,150,"PZN",10.99,11.84,11.23,4,20,4,15.5,8.5,7.22,397.1,1.1500343,0.454545455,NA,NA,NA,NA,NA,NA,NA,NA,NA,NA,NA,0,22.9006726190476,20.1622879464286,3.47573326338724,2012-07-17,22.972,23.231,18.796,19.36125,2012-07-18,18.794,2012-07-18,18.40875,3,39.2175734243219,39.5838988569508,0.00175483870967742,0.000364137386051014,0.00297503261098204,0.00229647058823529
"115","10","2012-7-17",3,28.1238,200,"PZN",10.43,11.49,11.08,4,20,4,15.5,8.5,5.38,295.9,0.94727773,0.0625,NA,NA,NA,NA,NA,NA,NA,NA,NA,NA,NA,0,24.0006726190476,21.2622879464286,3.47573326338724,2012-07-17,24.072,24.331,19.896,20.46125,2012-07-18,19.894,2012-07-18,19.50875,6,39.072323481329,39.4359278442651,0.00218838709677419,0.000848971669201975,0.00219618377277967,0.00154352941176471
"116","26","2012-7-17",3,29.345,250,"PZN",14.04,15.14,15.03,4,20,4,15.5,8.5,5.31,292.05,1.17894156,0.166666667,NA,NA,NA,NA,NA,NA,NA,NA,NA,NA,NA,0,23.9006726190476,21.1622879464286,3.47573326338724,2012-07-17,23.972,24.231,19.796,20.36125,2012-07-18,19.794,2012-07-18,19.40875,5,39.0854835469956,39.4493340249552,0.00227096774193549,0.000927002961790234,0.00106906814515745,0.000414117647058828
"117","4","2012-7-17",3,30.126,300,"PZN",14.62,15.83,13.47,4,20,4,15.5,8.5,4.31,237.05,1.22357565,0,NA,NA,NA,NA,NA,NA,NA,NA,NA,NA,NA,1,24.8006726190476,22.0622879464286,3.47573326338724,2012-07-17,24.872,25.131,20.696,21.26125,2012-07-18,20.694,2012-07-18,20.30875,7,38.9673611301356,39.3290055313698,0.00249806451612903,0.00119426230928746,0.00951939937947496,0.00888470588235294
"118","7","2012-7-17",3,31.003,350,"PZN",11.06,12.49,11.95,4,20,4,15.5,8.5,4.84,266.2,1.10514938,0,NA,NA,NA,NA,NA,NA,NA,NA,NA,NA,NA,0,25.4806726190476,22.7422879464286,3.47573326338724,2012-07-17,25.552,25.811,21.376,21.94125,2012-07-18,21.374,2012-07-18,20.98875,8,38.8785855141603,39.2385763812235,0.00295225806451613,0.00167766998291776,0.00265291944063128,0.00203294117647059
"119","23","2012-7-17",3,31.645,400,"PZN",8.86,10.65,10.39,4,20,4,15.5,8.5,3.49,191.95,0.96919188,0.029411765,NA,NA,NA,NA,NA,NA,NA,NA,NA,NA,NA,1,26.7506726190476,24.0122879464286,3.47573326338724,2012-07-17,26.822,27.081,22.646,23.21125,2012-07-18,22.644,2012-07-18,22.25875,9,38.7138626023764,39.0707954710507,0.00369548387096774,0.00247299973004866,0.00157259863723688,0.000978823529411764
"120","18","2012-7-17",3,32.003,450,"PZN",8.19,10.59,10.03,4,20,4,15.5,8.5,3.36,184.8,0.94028705,0,NA,NA,NA,NA,NA,NA,NA,NA,NA,NA,NA,1,27.6036726190476,24.8652879464286,3.47573326338724,2012-07-17,27.675,27.934,23.499,24.06425,2012-07-18,23.497,2012-07-18,23.11175,10,38.6040072419541,38.9589080176096,0.00495483870967742,0.00376565309700068,0.00268529297830578,0.00210823529411765
"121","25","2012-8-21",8,14.038,0,"P",8.96,9.47,9.28,5,20,5,14.5,9.5,6.17,339.35,NA,NA,0,0,NA,NA,NA,NA,NA,NA,NA,NA,NA,NA,17.2525595238095,20.3886510067114,3.47088642218738,2012-08-21,14.063,14.076,16.658,16.67525,2012-08-22,14.965,2012-08-22,15.26525,1,39.9807201486256,39.5533580284203,0.00112551724137931,0.00236078438035781,0.00163977567701812,0.000640000000000004
"122","6","2012-8-21",8,15.091,50,"P",7.79,8.2,8.09,5,20,5,14.5,9.5,6.12,336.6,NA,NA,0,0,NA,NA,NA,NA,NA,NA,NA,NA,NA,NA,17.7525595238095,20.9002879464286,3.47573326338724,2012-08-21,14.563,14.576,17.158,17.17525,2012-08-22,15.465,2012-08-22,15.76525,2,39.9119662910257,39.4845014811927,0.000904827586206895,0.00211709168630124,0.00135186712901297,0.000370526315789472
"123","15","2012-8-21",8,17.665,100,"P",8.45,9.09,8.88,5,20,5,14.5,9.5,4.94,271.7,NA,NA,0,0,NA,NA,NA,NA,NA,NA,NA,NA,NA,NA,18.2525595238095,21.4002879464286,3.47573326338724,2012-08-21,15.063,15.076,17.658,17.67525,2012-08-22,15.965,2012-08-22,16.26525,3,39.8434484960983,39.4174422711685,0.00141241379310345,0.0026022835923889,0.0016707574159864,0.000707368421052629
"124","3","2012-8-21",8,18.654,150,"P",7.29,7.99,7.7,5,20,5,14.5,9.5,4.69,257.95,NA,NA,0,0,NA,NA,NA,NA,NA,NA,NA,NA,NA,NA,19.0025595238095,22.1502879464286,3.47573326338724,2012-08-21,15.813,15.826,18.408,18.42525,2012-08-22,16.715,2012-08-22,17.01525,4,39.7411117685683,39.3172794628952,0.0015448275862069,0.00270220203900563,0.00191417350586668,0.000976842105263158
"125","29","2012-8-21",8,19.564,200,"P",7.33,8.07,7.65,5,20,5,14.5,9.5,3.06,168.3,NA,NA,0,0,NA,NA,NA,NA,NA,NA,NA,NA,NA,NA,19.9025595238095,23.0502879464286,3.47573326338724,2012-08-21,16.713,16.726,19.308,19.32525,2012-08-22,17.615,2012-08-22,17.91525,6,39.6189994843675,39.1977539871321,0.00163310344827586,0.00275313641648289,0.00232211193307489,0.00141473684210526
"126","17","2012-8-21",8,20.158,250,"P",7.55,8.6,8.18,5,20,5,14.5,9.5,3,165,NA,NA,0,0,NA,NA,NA,NA,NA,NA,NA,NA,NA,NA,19.6135595238095,22.7612879464286,3.47573326338724,2012-08-21,16.424,16.437,19.019,19.03625,2012-08-22,17.326,2012-08-22,17.62625,5,39.6581292187161,39.2360556559574,0.00231724137931034,0.00344907459298322,0.00233157987392975,0.00141473684210526
"127","27","2012-8-21",8,21.038,300,"P",6.69,7.93,7.42,5,20,5,14.5,9.5,2.88,158.4,NA,NA,0,0,NA,NA,NA,NA,NA,NA,NA,NA,NA,NA,20.3682142857143,23.5157217261905,3.47565794324478,2012-08-21,17.18,17.1925,19.77,19.7875,2012-08-22,18.08,2012-08-22,18.3825,7,39.5561134085303,39.1362261912695,0.00273655172413793,0.0038361868604721,0.00260716976144901,0.0017178947368421
"128","14","2012-8-21",8,21.999,350,"P",6.81,8.31,7.68,5,20,5,14.5,9.5,2.41,132.55,NA,NA,0,0,NA,NA,NA,NA,NA,NA,NA,NA,NA,NA,21.2165595238095,24.3642879464286,3.47573326338724,2012-08-21,18.027,18.04,20.622,20.63925,2012-08-22,18.929,2012-08-22,19.22925,8,39.4420571484,39.0245460706913,0.00331034482758621,0.00437888815383177,0.002988151365741,0.0021221052631579
"129","1","2012-8-21",8,23.789,400,"P",5.02,7.2,6.52,5,20,5,14.5,9.5,1.89,103.95,NA,NA,0,0,NA,NA,NA,NA,NA,NA,NA,NA,NA,NA,22.0935595238095,25.2412879464286,3.47573326338724,2012-08-21,18.904,18.917,21.499,21.51625,2012-08-22,19.806,2012-08-22,20.10625,9,39.3248377682991,38.909791580662,0.00481103448275862,0.00584707966343386,0.00313047345203474,0.00229052631578948
"130","8","2012-8-21",8,27.469,450,"P",4.03,6.59,5.79,5,20,5,14.5,9.5,1.76,96.8,NA,NA,0,0,NA,NA,NA,NA,NA,NA,NA,NA,NA,NA,22.7445595238095,25.8922879464286,3.47573326338724,2012-08-21,19.555,19.568,22.15,22.16725,2012-08-22,20.457,2012-08-22,20.75725,10,39.2382749945717,38.8250444147413,0.00564965517241379,0.00666248494045259,0.0035160332215114,0.00269473684210526
"131","11","2012-8-21",8,17.57,0,"PZ",9.35,9.86,9.05,5,20,5,14.5,9.5,3.66,201.3,NA,NA,0,2.6,0.5,NA,26,2.6,0,0,0,2.2,0.4,NA,16.8668511904762,19.7778563988095,2.91039144008814,2012-08-21,14.063,14.076,16.658,16.67525,2012-08-22,14.965,2012-08-22,15.26525,3,40.0339200811831,39.6358744390032,0.00112551724137931,0.00236078438035781,0.00372819672964969,0.00272842105263157
"132","21","2012-8-21",8,15.7465,50,"PZ",8.05,8.53,7.75,5,20,5,14.5,9.5,4.49,246.95,NA,NA,197.692613,10.2,0.9006,1.3985,2,6.8,3.4,3,6.8,0.2,0.4,NA,16.6568511904762,19.5678563988095,2.91039144008814,2012-08-21,13.853,13.866,16.448,16.46525,2012-08-22,14.755,2012-08-22,15.05525,2,40.0629445050229,39.6643243642091,0.00105931034482758,0.00230442547824198,0.00363503486313526,0.00262736842105263
"133","28","2012-8-21",8,17.855,100,"PZ",9.19,9.91,9.08,5,20,5,14.5,9.5,3.16,173.8,NA,NA,53.26391299,8.8,0.8756,1.3648,0.76666667,4.6,6,1.2,3.6,2.8,1,NA,16.4938511904762,19.4048563988095,2.91039144008814,2012-08-21,13.69,13.703,16.285,16.30225,2012-08-22,14.592,2012-08-22,14.89225,1,40.0855020133343,39.6864350943488,0.00158896551724138,0.00284180228233153,0.00380964228823637,0.00279578947368421
"134","19","2012-8-21",8,18.123,150,"PZ",9.01,9.95,9.08,5,20,5,14.5,9.5,3.12,171.6,NA,NA,41.16568046,7.8,0.8523,1.3477,0.34782609,3.4,4.4,2,3.8,1.8,0.2,NA,17.8938511904762,20.8048563988095,2.91039144008814,2012-08-21,15.09,15.103,17.685,17.70225,2012-08-22,15.992,2012-08-22,16.29225,4,39.8925804284022,39.4973265485844,0.00207448275862069,0.00326316017961191,0.00389295933732252,0.00293052631578947
"135","12","2012-8-21",8,19.203,200,"PZ",7.03,8.09,7.12,5,20,5,14.5,9.5,1.66,91.3,NA,NA,2.288214922,6.2,0.84,1.2693,0.10714286,0.6,5.6,0.4,4.6,1,0.2,NA,18.8618511904762,21.7728563988095,2.91039144008814,2012-08-21,16.058,16.071,18.653,18.67025,2012-08-22,16.96,2012-08-22,17.26025,6,39.7602711947795,39.3676218920359,0.00233931034482759,0.00348634502873746,0.00419640635520579,0.00326736842105263
"136","13","2012-8-21",8,20.158,250,"PZ",6.88,8.06,7,5,20,5,14.5,9.5,1.36,74.8,NA,NA,4.204657208,3.4,0.7704,1.2648,0,0.8,2.6,0.2,2.8,0,0.4,NA,18.6798511904762,21.5908563988095,2.91039144008814,2012-08-21,15.876,15.889,18.471,18.48825,2012-08-22,16.778,2012-08-22,17.07825,5,39.785080482524,39.3919434452298,0.00260413793103448,0.00375884087342486,0.00450571501353978,0.00357052631578948
"137","22","2012-8-21",8,21.648,300,"PZ",6.51,8.12,6.956,5,20,5,14.5,9.5,1.21,66.55,NA,NA,6.103911305,2,0.5897,1.2474,0,0,0,2,0,0,0,NA,19.5798511904762,22.4908563988095,2.91039144008814,2012-08-21,16.776,16.789,19.371,19.38825,2012-08-22,17.678,2012-08-22,17.97825,7,39.6626982600689,39.2719642704669,0.00355310344827586,0.00467058745485692,0.0048261718534071,0.00392084210526315
"138","20","2012-8-21",8,22.978,350,"PZ",6.83,8.71,7.36,5,20,5,14.5,9.5,0.54,29.7,NA,NA,2.288214922,1,0.5643,NA,4,0.8,0.2,0,0.2,0.8,0,NA,20.1758511904762,23.0868563988095,2.91039144008814,2012-08-21,17.372,17.385,19.967,19.98425,2012-08-22,18.274,2012-08-22,18.57425,8,39.5820675803352,39.1929128360673,0.00414896551724138,0.00524274144192405,0.00543367119200834,0.00454736842105263
"139","9","2012-8-21",8,23.996,400,"PZ",6.4,8.81,7.29,5,20,5,14.5,9.5,0.18,9.9,NA,NA,0.629174,0.8,0.5345,1.2501,8,0.2,0.2,0.4,0,0.4,0,NA,21.9058511904762,24.8168563988095,2.91039144008814,2012-08-21,19.102,19.115,21.697,21.71425,2012-08-22,20.004,2012-08-22,20.30425,9,39.3498681287558,38.9652435898525,0.00531862068965517,0.00634752498752772,0.00595421090269763,0.00512
"140","30","2012-8-21",8,24.978,450,"PZ",6.51,9.02,7.43,5,20,5,14.5,9.5,0.05,2.75,NA,NA,0.52714,0.4,0.5043,NA,0,0,0.4,0,0.4,0,0,NA,22.7178511904762,25.6288563988095,2.91039144008814,2012-08-21,19.914,19.927,22.509,22.52625,2012-08-22,20.816,2012-08-22,21.11625,10,39.2418188757536,38.8592934208818,0.00553931034482759,0.006539655450408,0.00616705362011083,0.00535578947368421
"141","2","2012-8-21",8,15.187,0,"PZN",9.23,9.58,8.51,5,20,5,14.5,9.5,5.83,320.65,NA,NA,107.5829948,6.6,0.6347,1.87435,0.17857143,1,5.6,1.4,4.2,0.8,0.2,1,16.4195595238095,19.5672879464286,3.47573326338724,2012-08-21,13.23,13.243,15.825,15.84225,2012-08-22,14.132,2012-08-22,14.43225,1,40.0957916383984,39.6644014311969,0.000772413793103448,0.0020474152525969,0.00463581805787129,0.00360421052631579
"142","24","2012-8-21",8,15.632,50,"PZN",8.14,8.53,8.35,5,20,5,14.5,9.5,3.95,217.25,NA,NA,57.10306809,5.8,0.5971,1.8642,0.31818182,1.4,4.4,0.4,3.8,0.2,1.4,0,17.3255595238095,20.4732879464286,3.47573326338724,2012-08-21,14.136,14.149,16.731,16.74825,2012-08-22,15.038,2012-08-22,15.33825,4,39.9706673218072,39.5419509419271,0.000860689655172411,0.00209255957398598,0.00160336921315307,0.000606315789473683
"143","5","2012-8-21",8,17.687,100,"PZN",7.69,8.16,8.12,5,20,5,14.5,9.5,3.94,216.7,NA,NA,51.29677069,5.6,0.5504,1.788,0.27272727,1.2,4.4,0.8,1.8,1.6,1.4,1,16.4255595238095,19.5732879464286,3.47573326338724,2012-08-21,13.236,13.249,15.831,15.84825,2012-08-22,14.138,2012-08-22,14.43825,2,40.0949604238014,39.663588006259,0.00103724137931034,0.00231195013085332,0.00116610993356542,0.000134736842105266
"144","16","2012-8-21",8,18.654,150,"PZN",7.29,7.88,7.45,5,20,5,14.5,9.5,3.08,169.4,NA,NA,31.50824379,5,0.5454,1.6987,0.13636364,0.6,4.4,1.4,3.2,0.2,0.2,1,17.0145595238095,20.1622879464286,3.47573326338724,2012-08-21,13.825,13.838,16.42,16.43725,2012-08-22,14.727,2012-08-22,15.02725,3,40.0135302648177,39.5838988569508,0.00130206896551724,0.00254850565556152,0.00245714633116552,0.00144842105263158
"145","10","2012-8-21",8,19.456,200,"PZN",6.55,7.2,6.23,5,20,5,14.5,9.5,2.62,144.1,NA,NA,21.1682537,4,0.5251,1.64238,4,0.8,3,0.2,2,1.6,0.2,0,18.1145595238095,21.2622879464286,3.47573326338724,2012-08-21,14.925,14.938,17.52,17.53725,2012-08-22,15.827,2012-08-22,16.12725,6,39.862335891842,39.4359278442651,0.00143448275862069,0.00263047377571301,0.00423566480714946,0.00326736842105263
"146","26","2012-8-21",8,20.468,250,"PZN",6.25,6.96,5.96,5,20,5,14.5,9.5,2.53,139.15,NA,NA,20.00353255,2.8,0.51,1.543,0.27272727,0.6,2.2,0.2,1.2,0.8,0.6,0,18.0145595238095,21.1622879464286,3.47573326338724,2012-08-21,14.825,14.838,17.42,17.43725,2012-08-22,15.727,2012-08-22,16.02725,5,39.8760336037218,39.4493340249552,0.00156689655172414,0.00276735146037018,0.00434029592346514,0.00336842105263158
"147","4","2012-8-21",8,21.798,300,"PZN",6.21,7.03,6.28,5,20,5,14.5,9.5,1.78,97.9,NA,NA,18.41096816,2.2,0.4862,1.4987,1.22222222,2.2,1.8,0.2,1.2,0.2,0.6,0,18.9145595238095,22.0622879464286,3.47573326338724,2012-08-21,15.725,15.738,18.32,18.33725,2012-08-22,16.627,2012-08-22,16.92725,7,39.7530920474599,39.3290055313698,0.00180965517241379,0.00297077610380828,0.00346665196176768,0.00252631578947368
"148","7","2012-8-21",8,23.003,350,"PZN",5.88,6.71,5.98,5,20,5,14.5,9.5,1.41,77.55,NA,NA,4.723392961,2,0.4845,NA,3.5,1.4,0.4,0,1,0.8,0.2,0,19.5945595238095,22.7422879464286,3.47573326338724,2012-08-21,16.405,16.418,19,19.01725,2012-08-22,17.307,2012-08-22,17.60725,8,39.6607044697952,39.2385763812235,0.00183172413793103,0.00296433937585671,0.00337641780990131,0.00245894736842105
"149","23","2012-8-21",8,23.78,400,"PZN",6.01,7.28,6.56,5,20,5,14.5,9.5,1.14,62.7,NA,NA,2.183037295,2.8,0.4845,1.2969,0,0,1.8,0.2,0.8,0.2,1.6,1,20.8645595238095,24.0122879464286,3.47573326338724,2012-08-21,17.675,17.688,20.27,20.28725,2012-08-22,18.577,2012-08-22,18.87725,9,39.4893020565261,39.0707954710507,0.00280275862068966,0.00388475714158141,0.00330211185666921,0.00242526315789474
"150","18","2012-8-21",8,23.125,450,"PZN",5.08,6.48,5.47,5,20,5,14.5,9.5,0.35,19.25,NA,NA,1.77849,1.2,0.47945,0.9435,1,0.2,0.2,0.2,0.2,0.2,0.8,1,21.7175595238095,24.8652879464286,3.47573326338724,2012-08-21,18.528,18.541,21.123,21.14025,2012-08-22,19.43,2012-08-22,19.73025,10,39.3750083079329,38.9589080176096,0.00308965517241379,0.0041394575898066,0.00425310203211394,0.0034021052631579
"151","25","2012-7-24",4,23.484,0,"P",10.77,10.85,9.92,4,20,4,15.5,8.5,10.96,602.8,0.78081519,0,0,0,NA,NA,NA,NA,NA,NA,NA,NA,NA,NA,20.90575,20.3886510067114,3.47088642218738,2012-07-24,21.236,21.06525,24.652,24.851,2012-07-25,23.965,2012-07-25,23.95675,1,39.4837676865584,39.5533580284203,0.000165161290322581,0.00145083127908947,0.00402851416411871,0.00350117647058823
"152","6","2012-7-24",4,24.931,50,"P",12.22,12.33,11.6,4,20,4,15.5,8.5,9.92,545.6,0.69740242,0,0,0,NA,NA,NA,NA,NA,NA,NA,NA,NA,NA,21.40575,20.9002879464286,3.47573326338724,2012-07-24,21.736,21.56525,25.152,25.351,2012-07-25,24.465,2012-07-25,24.45675,2,39.416710966901,39.4845014811927,0.000227096774193547,0.00149142184957032,0.00326700256213524,0.00274823529411765
"153","15","2012-7-24",4,23.581,100,"P",11.28,11.42,10.55,4,20,4,15.5,8.5,9.39,516.45,0.85247959,0,0,0,NA,NA,NA,NA,NA,NA,NA,NA,NA,NA,21.90575,21.4002879464286,3.47573326338724,2012-07-24,22.236,22.06525,25.652,25.851,2012-07-25,24.965,2012-07-25,24.95675,3,39.3498816308048,39.4174422711685,0.000289032258064517,0.00153251650072115,0.00378568907750926,0.00327529411764706
"154","3","2012-7-24",4,25.687,150,"P",10.05,10.34,9.5,4,20,4,15.5,8.5,8.78,482.9,0.67032804,0,0,0,NA,NA,NA,NA,NA,NA,NA,NA,NA,NA,22.65575,22.1502879464286,3.47573326338724,2012-07-24,22.986,22.81525,26.402,26.601,2012-07-25,25.715,2012-07-25,25.70675,4,39.250061447287,39.3172794628952,0.000598709677419353,0.0018118443114012,0.00366054801646434,0.00316235294117647
"155","29","2012-7-24",4,26.452,200,"P",11.29,11.88,10.98,4,20,4,15.5,8.5,8.83,485.65,0.73228144,0,0,0,NA,NA,NA,NA,NA,NA,NA,NA,NA,NA,23.55575,23.0502879464286,3.47573326338724,2012-07-24,23.886,23.71525,27.302,27.501,2012-07-25,26.615,2012-07-25,26.60675,6,39.1309436918479,39.1977539871321,0.00121806451612904,0.00239616163586717,0.00387233460770074,0.00338823529411765
"156","17","2012-7-24",4,26.2341,250,"P",9.25,9.99,8.95,4,20,4,15.5,8.5,7.92,435.6,0.88101071,0,0,0,NA,NA,NA,NA,NA,NA,NA,NA,NA,NA,23.26675,22.7612879464286,3.47573326338724,2012-07-24,23.597,23.42625,27.013,27.212,2012-07-25,26.326,2012-07-25,26.31775,5,39.1691148424308,39.2360556559574,0.00152774193548387,0.00271693016384618,0.00440385677597642,0.00391529411764706
"157","27","2012-7-24",4,27.1236,300,"P",12.19,13.04,11.76,4,20,4,15.5,8.5,7.85,431.75,0.65932348,0,0,0,NA,NA,NA,NA,NA,NA,NA,NA,NA,NA,24.0207738095238,23.5157217261905,3.47565794324478,2012-07-24,24.35,24.18,27.77,27.9675,2012-07-25,27.08,2012-07-25,27.0725,7,39.0696792211092,39.1362261912695,0.00175483870967742,0.00291591309426793,0.00529624623454068,0.00481882352941176
"158","14","2012-7-24",4,27.986,350,"P",12.42,13.45,11.7,4,20,4,15.5,8.5,7.96,437.8,0.76366404,0,0,0,NA,NA,NA,NA,NA,NA,NA,NA,NA,NA,24.86975,24.3642879464286,3.47573326338724,2012-07-24,25.2,25.02925,28.616,28.815,2012-07-25,27.929,2012-07-25,27.92075,8,38.9583244177823,39.0245460706913,0.00212645161290322,0.00325594439885129,0.00705276016331979,0.00658823529411765
"159","1","2012-7-24",4,29.123,400,"P",9.81,10.99,9.2,4,20,4,15.5,8.5,6.09,334.95,0.72840557,0,0,0,NA,NA,NA,NA,NA,NA,NA,NA,NA,NA,25.74675,25.2412879464286,3.47573326338724,2012-07-24,26.077,25.90625,29.493,29.692,2012-07-25,28.806,2012-07-25,28.79775,9,38.8439584857198,38.909791580662,0.00243612903225806,0.00353476576877546,0.00719090900879513,0.00673882352941177
"160","8","2012-7-24",4,29.786,450,"P",7.06,8.73,7.49,4,20,4,15.5,8.5,5.35,294.25,0.44394815,0,0,0,NA,NA,NA,NA,NA,NA,NA,NA,NA,NA,26.39775,25.8922879464286,3.47573326338724,2012-07-24,26.728,26.55725,30.144,30.343,2012-07-25,29.457,2012-07-25,29.44875,10,38.7594975404582,38.8250444147413,0.00344774193548387,0.00452424928580334,0.00511139328239088,0.00466823529411765
"161","11","2012-7-24",4,24.545,0,"PZ",11.67,12.41,11.96,4,20,4,15.5,8.5,8.01,440.55,0.9420465,0,0,0,NA,NA,0,0,0,0,0,0,0,NA,20.5142619047619,19.7778563988095,2.91039144008814,2012-07-24,20.965,20.95175,22.2,24.39425,2012-07-25,22.256,2012-07-25,22.16525,3,39.5364309708027,39.6358744390032,0.00152774193548387,0.0027079218542411,0.00305884612930663,0.00169411764705882
"162","21","2012-7-24",4,24.245,50,"PZ",11.98,12.81,11.88,4,20,4,15.5,8.5,7.5,412.5,0.69431355,0.004651163,33.74208799,4,NA,NA,3.555555556,3.2,0.8,1,2.4,0.6,0,NA,20.3042619047619,19.5678563988095,2.91039144008814,2012-07-24,20.755,20.74175,21.99,24.18425,2012-07-25,22.046,2012-07-25,21.95525,2,39.564738266612,39.6643243642091,0.00171354838709677,0.002902132885488,0.00487553418531997,0.00350117647058823
"163","28","2012-7-24",4,24.062,100,"PZ",12.17,13.19,12.25,4,20,4,15.5,8.5,6.19,340.45,0.74958739,0,13.43316262,0.6,NA,NA,6,0.6,0,0.4,0,0.2,0,NA,20.1412619047619,19.4048563988095,2.91039144008814,2012-07-24,20.592,20.57875,21.827,24.02125,2012-07-25,21.883,2012-07-25,21.79225,1,39.5867380775412,39.6864350943488,0.0021058064516129,0.00330097373660845,0.00492072259012199,0.00353882352941176
"164","19","2012-7-24",4,25.458,150,"PZ",12.12,13.24,11.59,4,20,4,15.5,8.5,6.19,340.45,0.79263253,0,7.340506816,0.8,NA,NA,0.285714286,0.2,0.6,0,0.8,0,0,NA,21.5412619047619,20.8048563988095,2.91039144008814,2012-07-24,21.992,21.97875,23.227,25.42125,2012-07-25,23.283,2012-07-25,23.19225,4,39.398576212035,39.4973265485844,0.00231225806451613,0.0034525376327401,0.00753076633446734,0.00621176470588235
"165","12","2012-7-24",4,26.568,200,"PZ",8.99,10.34,8.8,4,20,4,15.5,8.5,5.6,308,0.64932673,0,9.828197934,0.6,NA,NA,0.4,0.2,0.4,0.4,0.2,0,0,NA,22.5092619047619,21.7728563988095,2.91039144008814,2012-07-24,22.96,22.94675,24.195,26.38925,2012-07-25,24.251,2012-07-25,24.16025,6,39.2695182545029,39.3676218920359,0.00278709677419355,0.00389151399924841,0.00707553160372746,0.00579764705882353
"166","13","2012-7-24",4,26.456,250,"PZ",10.95,12.59,11.17,4,20,4,15.5,8.5,3.34,183.7,0.80017863,0,2.551634154,1,NA,NA,2.666666667,0.8,0.2,0.2,0.2,0,0.6,NA,22.3272619047619,21.5908563988095,2.91039144008814,2012-07-24,22.778,22.76475,24.013,26.20725,2012-07-25,24.069,2012-07-25,23.97825,5,39.2937187034429,39.3919434452298,0.0033858064516129,0.00449684184408649,0.00663135608335644,0.00534588235294118
"167","22","2012-7-24",4,27.326,300,"PZ",8.71,10.39,8.92,4,20,4,15.5,8.5,2.88,158.4,0.68570288,0,0,0,NA,NA,0,0,0,0,0,0,0,NA,23.2272619047619,22.4908563988095,2.91039144008814,2012-07-24,23.678,23.66475,24.913,27.10725,2012-07-25,24.969,2012-07-25,24.87825,7,39.174336217828,39.2719642704669,0.00346838709677419,0.00454723884636612,0.00678268021034376,0.00553411764705883
"168","20","2012-7-24",4,27.998,350,"PZ",10.02,11.78,10.22,4,20,4,15.5,8.5,2.01,110.55,0.63142853,0,28.82912162,2.8,NA,NA,0,0,0.2,1,1,0.8,0,NA,23.8232619047619,23.0868563988095,2.91039144008814,2012-07-24,24.274,24.26075,25.509,27.70325,2012-07-25,25.565,2012-07-25,25.47425,8,39.0956769367595,39.1929128360673,0.00363354838709677,0.00469181778641679,0.00709789063663291,0.00587294117647058
"169","9","2012-7-24",4,29.124,400,"PZ",6.65,8.47,6.89,4,20,4,15.5,8.5,1.42,78.1,0.69886737,0,0,0,NA,NA,18,1.8,0,0,0,0,0,NA,25.5532619047619,24.8168563988095,2.91039144008814,2012-07-24,26.004,25.99075,27.239,29.43325,2012-07-25,27.295,2012-07-25,27.20425,9,38.8691326991616,38.9652435898525,0.00375741935483871,0.00475903540124028,0.00710815893012105,0.00594823529411765
"170","30","2012-7-24",4,29.978,450,"PZ",8.67,10.91,9.18,4,20,4,15.5,8.5,1.16,63.8,0.88960375,0.023255814,106.0253712,1.6,NA,NA,20,2,0,0.2,0.6,0.4,0.4,NA,26.3652619047619,25.6288563988095,2.91039144008814,2012-07-24,26.816,26.80275,28.051,30.24525,2012-07-25,28.107,2012-07-25,28.01625,10,38.7637038476278,38.8592934208818,0.00462451612903226,0.00560103127361517,0.00764403993580914,0.00651294117647059
"171","2","2012-7-24",4,22.621,0,"PZN",14.92,15.61,13.55,4,20,4,15.5,8.5,9.66,531.3,0.75091748,0,1.68314915,0.2,NA,NA,0,0,0.2,0,0.2,0,0,0,20.07275,19.5672879464286,3.47573326338724,2012-07-24,20.403,20.23225,23.819,24.018,2012-07-25,23.132,2012-07-25,23.12375,1,39.5959923082024,39.6644014311969,0.00142451612903226,0.00274690988050861,0.00829736690342894,0.00775529411764705
"172","24","2012-7-24",4,23.576,50,"PZN",11.13,11.93,10.99,4,20,4,15.5,8.5,8.68,477.4,0.93219464,0,6.600991655,0.6,NA,NA,0,0,0.6,0,0.6,0,0,0,20.97875,20.4732879464286,3.47573326338724,2012-07-24,21.309,21.13825,24.725,24.924,2012-07-25,24.038,2012-07-25,24.02975,4,39.4739631852429,39.5419509419271,0.0016516129032258,0.00293413449988298,0.00406489735551373,0.00353882352941176
"173","5","2012-7-24",4,24.658,100,"PZN",10.71,11.52,10.1,4,20,4,15.5,8.5,8.67,476.85,0.76211429,0,0,0,NA,NA,0,0,0,0,0,0,0,0,20.07875,19.5732879464286,3.47573326338724,2012-07-24,20.409,20.23825,23.825,24.024,2012-07-25,23.138,2012-07-25,23.12975,2,39.5951816866413,39.663588006259,0.00167225806451613,0.00299438195498404,0.0058878469062476,0.00534588235294118
"174","16","2012-7-24",4,25.321,150,"PZN",11.77,12.64,9.8,4,20,4,15.5,8.5,7.45,409.75,0.94944648,0.015151515,2.838268183,0.2,NA,NA,0,0,0.2,0.2,0,0,0,0,20.66775,20.1622879464286,3.47573326338724,2012-07-24,20.998,20.82725,24.414,24.613,2012-07-25,23.727,2012-07-25,23.71875,3,39.5157668989657,39.5838988569508,0.00179612903225807,0.00309214089058774,0.0112232532915826,0.0106917647058824
"175","10","2012-7-24",4,25.986,200,"PZN",8.99,9.88,8.02,4,20,4,15.5,8.5,6.82,375.1,0.70410845,0,0,0,NA,NA,2,0.2,0,0,0,0,0,0,21.76775,21.2622879464286,3.47573326338724,2012-07-24,22.098,21.92725,25.514,25.713,2012-07-25,24.827,2012-07-25,24.81875,6,39.3683038756571,39.4359278442651,0.00183741935483871,0.00308660619808322,0.00751503920778458,0.00700235294117648
"176","26","2012-7-24",4,26.59,250,"PZN",10.29,11.19,6.69,4,20,4,15.5,8.5,7.34,403.7,0.67706873,0,0,0,NA,NA,0,0,0,0,0,0,0,1,21.66775,21.1622879464286,3.47573326338724,2012-07-24,21.998,21.82725,25.414,25.613,2012-07-25,24.727,2012-07-25,24.71875,5,39.3816641106593,39.4493340249552,0.00185806451612903,0.0031114071191006,0.0174555323217996,0.0169411764705882
"177","4","2012-7-24",4,27.569,300,"PZN",7.74,8.67,8.02,4,20,4,15.5,8.5,6.99,384.45,0.81780617,0,0,0.8,NA,NA,0,0,0.8,0,0,0.8,0,1,22.56775,22.0622879464286,3.47573326338724,2012-07-24,22.898,22.72725,26.314,26.513,2012-07-25,25.627,2012-07-25,25.61875,7,39.2617474495906,39.3290055313698,0.00192,0.00313664034513205,0.00294666358570924,0.00244705882352941
"178","7","2012-7-24",4,28.456,350,"PZN",6.92,7.89,7.2,4,20,4,15.5,8.5,6.58,361.9,0.70020124,0,0,0,NA,NA,0,0,0,0,0,0,0,0,23.24775,22.7422879464286,3.47573326338724,2012-07-24,23.578,23.40725,26.994,27.193,2012-07-25,26.307,2012-07-25,26.29875,8,39.171626973517,39.2385763812235,0.00200258064516129,0.00319250328021837,0.00308650521720259,0.00259764705882353
"179","23","2012-7-24",4,29.345,400,"PZN",7.12,8.24,8.21,4,20,4,15.5,8.5,5.35,294.25,0.696947,0,2.129739438,0.2,NA,NA,0,0,0.2,0,0.2,0,0,1,24.51775,24.0122879464286,3.47573326338724,2012-07-24,24.848,24.67725,28.264,28.463,2012-07-25,27.577,2012-07-25,27.56875,9,39.0044168952734,39.0707954710507,0.00231225806451613,0.00345448525732583,0.000582596930824212,0.000112941176470586
"180","18","2012-7-24",4,29.783,450,"PZN",8.26,9.92,7.04,4,20,4,15.5,8.5,4.78,262.9,0.67002676,0,0,0,NA,NA,2,0.2,0,0,0,0,0,0,25.37075,24.8652879464286,3.47573326338724,2012-07-24,25.701,25.53025,29.117,29.316,2012-07-25,28.43,2012-07-25,28.42175,10,38.8929087544396,38.9589080176096,0.00342709677419355,0.00453881280025714,0.0112997124602326,0.0108423529411765
"181","25","2012-8-28",9,15.951,0,"P",7.71,8.05,7.52,5,20,5,14.5,9.5,6.67,366.85,0.86160174,0,0,0,NA,NA,NA,NA,NA,NA,NA,NA,NA,NA,16.7990654761905,20.3886510067114,3.47088642218738,2012-08-28,17.632,16.26525,15.003,15.456,2012-08-29,17.632,2012-08-28,16.26525,1,40.0432842517124,39.5533580284203,0.000750344827586209,0.000372899372139212,0.0012091621995809,0.00178526315789474
"182","6","2012-8-28",9,13.173,50,"P",8.95,9.32,8.73,5,20,5,14.5,9.5,5.1,280.5,0.64658073,0,0,0,NA,NA,NA,NA,NA,NA,NA,NA,NA,NA,17.2990654761905,20.9002879464286,3.47573326338724,2012-08-28,18.132,16.76525,15.503,15.956,2012-08-29,18.132,2012-08-28,16.76525,2,39.9743152314608,39.4845014811927,0.000816551724137933,0.000446077511966411,0.00142190778142241,0.00198736842105263
"183","15","2012-8-28",9,18.616,100,"P",9,9.57,8.91,5,20,5,14.5,9.5,4.44,244.2,1.07292454,0,0,0,NA,NA,NA,NA,NA,NA,NA,NA,NA,NA,17.7990654761905,21.4002879464286,3.47573326338724,2012-08-28,18.632,17.26525,16.003,16.456,2012-08-29,18.632,2012-08-28,17.26525,3,39.9055833819172,39.4174422711685,0.00125793103448276,0.000894245104269771,0.00166805831704333,0.00222315789473684
"184","3","2012-8-28",9,19.456,150,"P",6.35,6.98,6.25,5,20,5,14.5,9.5,4.21,231.55,0.8459934,0,0,0,NA,NA,NA,NA,NA,NA,NA,NA,NA,NA,18.5490654761905,22.1502879464286,3.47573326338724,2012-08-28,19.382,18.01525,16.753,17.206,2012-08-29,19.382,2012-08-28,18.01525,4,39.8029276334326,39.3172794628952,0.00139034482758621,0.00103651176440725,0.00191888637725317,0.00245894736842105
"185","29","2012-8-28",9,21.236,200,"P",6.36,7.02,6.09,5,20,5,14.5,9.5,3.73,205.15,1.05404648,0,0,0,NA,NA,NA,NA,NA,NA,NA,NA,NA,NA,19.4490654761905,23.0502879464286,3.47573326338724,2012-08-28,20.282,18.91525,17.653,18.106,2012-08-29,20.282,2012-08-28,18.91525,6,39.6804357567301,39.1977539871321,0.00145655172413793,0.00111404492592914,0.00260985804483922,0.00313263157894737
"186","17","2012-8-28",9,23.567,250,"P",7.48,8.46,7.93,5,20,5,14.5,9.5,3.5,192.5,0.79670162,0,0,0,NA,NA,NA,NA,NA,NA,NA,NA,NA,NA,19.1600654761905,22.7612879464286,3.47573326338724,2012-08-28,19.993,18.62625,17.364,17.817,2012-08-29,19.993,2012-08-28,18.62625,5,39.7196870004447,39.2360556559574,0.00216275862068966,0.00181667215325727,0.00125702591812953,0.00178526315789474
"187","27","2012-8-28",9,24.568,300,"P",8.629,9.68,8.92,5,20,5,14.5,9.5,3.33,183.15,0.82665009,0.040540541,0,0,NA,NA,NA,NA,NA,NA,NA,NA,NA,NA,19.9148214285714,23.5157217261905,3.47565794324478,2012-08-28,20.75,19.38,18.12,18.57,2012-08-29,20.75,2012-08-28,19.38,7,39.6173409667272,39.1362261912695,0.00231944827586207,0.00198227103050372,0.00204536104655831,0.00256
"188","14","2012-8-28",9,25.723,350,"P",7.83,8.98,8.03,5,20,5,14.5,9.5,2.18,119.9,1.02838146,0,0,0,NA,NA,NA,NA,NA,NA,NA,NA,NA,NA,20.7630654761905,24.3642879464286,3.47573326338724,2012-08-28,21.596,20.22925,18.967,19.42,2012-08-29,21.596,2012-08-28,20.22925,8,39.5029454636606,39.0245460706913,0.00253793103448276,0.00221104903098966,0.0027010748367737,0.0032
"189","1","2012-8-28",9,26.497,400,"P",7.34,8.65,7.62,5,20,5,14.5,9.5,2.12,116.6,0.42497117,0,0,0,NA,NA,NA,NA,NA,NA,NA,NA,NA,NA,21.6400654761905,25.2412879464286,3.47573326338724,2012-08-28,22.473,21.10625,19.844,20.297,2012-08-29,22.473,2012-08-28,21.10625,9,39.3853644309669,38.909791580662,0.00289103448275862,0.00257401857398231,0.00298560729713089,0.00346947368421053
"190","8","2012-8-28",9,28.997,450,"P",4.42,6.13,5.02,5,20,5,14.5,9.5,0.81,44.55,1.00266582,0,0,0,NA,NA,NA,NA,NA,NA,NA,NA,NA,NA,22.2910654761905,25.8922879464286,3.47573326338724,2012-08-28,23.124,21.75725,20.495,20.948,2012-08-29,23.124,2012-08-28,21.75725,10,39.2985352808766,38.8250444147413,0.00377379310344828,0.00346382725763707,0.00326584160376184,0.00373894736842105
"191","11","2012-8-28",9,17.57,0,"PZ",7.61,7.65,6.78,5,20,5,14.5,9.5,3.64,200.2,0.92410966,0,1.741216727,0.8,NA,NA,3,0.6,0.2,0,0.2,0.4,0.2,NA,16.6415238095238,19.7778563988095,2.91039144008814,2012-08-28,17.632,16.26525,15.003,15.456,2012-08-29,17.632,2012-08-28,16.26525,3,40.0650645740117,39.6358744390032,8.82758620689656e-05,-0.000289169593378031,0.00235442535747564,0.00293052631578947
"192","21","2012-8-28",9,13.248,50,"PZ",9.19,9.28,8.392,5,20,5,14.5,9.5,3.1,170.5,1.14310693,0.454545455,0,0,NA,NA,NA,0,0,0,0,0,0,NA,16.4315238095238,19.5678563988095,2.91039144008814,2012-08-28,17.422,16.05525,14.793,15.246,2012-08-29,17.422,2012-08-28,16.05525,2,40.0941341910659,39.6643243642091,0.000198620689655172,-0.000181808794200853,0.00241050236674607,0.00299115789473684
"193","28","2012-8-28",9,18.996,100,"PZ",8.51,8.62,7.65,5,20,5,14.5,9.5,3.23,177.65,0.65662845,0,0,0,NA,NA,NA,0,0,0,0,0,0,NA,16.2685238095238,19.4048563988095,2.91039144008814,2012-08-28,17.259,15.89225,14.63,15.083,2012-08-29,17.259,2012-08-28,15.89225,1,40.1167268457629,39.6864350943488,0.000242758620689654,-0.000140010384961791,0.00268314204400568,0.00326736842105263
"194","19","2012-8-28",9,19.874,150,"PZ",8.94,9.1,8.42,5,20,5,14.5,9.5,1.43,78.65,0.85373984,0,27.32537943,4.2,NA,NA,0.75,1.8,2.4,0.2,2.4,1,0.6,NA,17.6685238095238,20.8048563988095,2.91039144008814,2012-08-28,18.659,17.29225,16.03,16.483,2012-08-29,18.659,2012-08-28,17.29225,4,39.9235053133865,39.4973265485844,0.000353103448275862,-1.02209993732419e-05,0.00173597847464084,0.00229052631578947
"195","12","2012-8-28",9,22.034,200,"PZ",7.78,7.95,7.13,5,20,5,14.5,9.5,1.45,79.75,0.81957268,0,18.05866184,2.4,NA,NA,0.333333333,0.6,1.8,0.6,0.8,0.6,0.4,NA,18.6365238095238,21.7728563988095,2.91039144008814,2012-08-28,19.627,18.26025,16.998,17.451,2012-08-29,19.627,2012-08-28,18.26025,6,39.7909912076821,39.3676218920359,0.000375172413793103,2.44751346575013e-05,0.00222683046868777,0.0027621052631579
"196","13","2012-8-28",9,23.568,250,"PZ",6.81,7.03,6.09,5,20,5,14.5,9.5,1.39,76.45,1.19151032,0,8.26741,0.2,NA,NA,0,0,0.2,0.2,0,0,0,NA,18.4545238095238,21.5908563988095,2.91039144008814,2012-08-28,19.445,18.07825,16.816,17.269,2012-08-29,19.445,2012-08-28,18.07825,5,39.8158388590588,39.3919434452298,0.000485517241379312,0.000132494346579851,0.00262749137109556,0.00316631578947369
"197","22","2012-8-28",9,25.102,300,"PZ",5.45,5.69,4.61,5,20,5,14.5,9.5,1.06,58.3,1.01140426,0,0,0,NA,NA,NA,0,0,0,0,0,0,NA,19.3545238095238,22.4908563988095,2.91039144008814,2012-08-28,20.345,18.97825,17.716,18.169,2012-08-29,20.345,2012-08-28,18.97825,7,39.6932676242915,39.2719642704669,0.000529655172413794,0.000187921672804166,0.00311630150059583,0.00363789473684211
"198","20","2012-8-28",9,25.978,350,"PZ",8.58,8.93,7.58,5,20,5,14.5,9.5,0.66,36.3,1.09144875,1,88.2221285,6.6,NA,NA,2,4.4,2.2,3,0.6,2.6,0.4,NA,19.9505238095238,23.0868563988095,2.91039144008814,2012-08-28,20.941,19.57425,18.312,18.765,2012-08-29,20.941,2012-08-28,19.57425,8,39.6125127336825,39.1929128360673,0.000772413793103448,0.000437873779331175,0.00403675471582127,0.00454736842105263
"199","9","2012-8-28",9,27.997,400,"PZ",5.74,6.13,4.52,5,20,5,14.5,9.5,0.55,30.25,1.03992883,0,0,0,NA,NA,NA,0,0,0,0,0,0,NA,21.6805238095238,24.8168563988095,2.91039144008814,2012-08-28,22.671,21.30425,20.042,20.495,2012-08-29,22.671,2012-08-28,21.30425,9,39.3799569945269,38.9652435898525,0.000860689655172413,0.000545842103251459,0.00494260110496276,0.00542315789473684
"200","30","2012-8-28",9,28.977,450,"PZ",6.48,6.99,5.195,5,20,5,14.5,9.5,0.14,7.7,1.22722382,0.277777778,0,0,NA,NA,0,0,0,0,0,0,0,NA,22.4925238095238,25.6288563988095,2.91039144008814,2012-08-28,23.483,22.11625,20.854,21.307,2012-08-29,23.483,2012-08-28,22.11625,10,39.2717426658959,38.8592934208818,0.00112551724137931,0.000819343476750521,0.00557899793819816,0.00604631578947368
"201","2","2012-8-28",9,16.046,0,"PZN",8.42,8.97,7.43,5,20,5,14.5,9.5,5.83,320.65,0.83495441,0,34.87585355,1.8,NA,NA,1.6,1.6,1,0.6,0,0.6,0.6,1,15.9660654761905,19.5672879464286,3.47573326338724,2012-08-28,16.799,15.43225,14.17,14.623,2012-08-29,16.799,2012-08-28,15.43225,1,40.1587166839834,39.6644014311969,0.00121379310344828,0.000824309547395034,0.00459289351970821,0.00518736842105263
"202","24","2012-8-28",9,13.987,50,"PZN",7.47,8.45,7.78,5,20,5,14.5,9.5,3.94,216.7,0.9551932,0.015625,0,0,NA,NA,NA,0,0,0,0,0,0,1,16.8720654761905,20.4732879464286,3.47573326338724,2012-08-28,17.705,16.33825,15.076,15.529,2012-08-29,17.705,2012-08-28,16.33825,4,40.0331999417753,39.5419509419271,0.00216275862068965,0.00178634261923007,0.00168231241882484,0.00225684210526315
"203","5","2012-8-28",9,18.657,100,"PZN",6.44,7.46,6.35,5,20,5,14.5,9.5,3.9,214.5,0.45150896,0.166666667,36.87787252,1.2,NA,NA,0.388888889,0.4,0.8,0.4,0,1.4,0.4,1,15.9720654761905,19.5732879464286,3.47573326338724,2012-08-28,16.805,15.43825,14.176,14.629,2012-08-29,16.805,2012-08-28,15.43825,2,40.1578828584034,39.663588006259,0.00225103448275862,0.00186163959001227,0.00314460779528189,0.00373894736842105
"204","16","2012-8-28",9,20.135,150,"PZN",5.66,6.96,5.23,5,20,5,14.5,9.5,3.08,169.4,0.9439618,0,2.340132442,0.2,NA,NA,0,0,0.2,0,0.2,0,0,1,16.5610654761905,20.1622879464286,3.47573326338724,2012-08-28,17.394,16.02725,14.765,15.218,2012-08-29,17.394,2012-08-28,16.02725,3,40.0761971767849,39.5838988569508,0.00286896551724138,0.00248813561196635,0.00524610172352758,0.00582736842105263
"205","10","2012-8-28",9,22.3658,200,"PZN",5.69,7.03,6.78,5,20,5,14.5,9.5,2.62,144.1,1.26125661,0.035087719,0,0.6,NA,NA,0.5,0.2,0.4,0,0,0.4,0.2,0,17.6610654761905,21.2622879464286,3.47573326338724,2012-08-28,18.494,17.12725,15.865,16.318,2012-08-29,18.494,2012-08-28,17.12725,6,39.9245297464662,39.4359278442651,0.00295724137931034,0.00259169980239067,0.00028417338259629,0.000842105263157895
"206","26","2012-8-28",9,23.975,250,"PZN",5.07,6.57,5.22,5,20,5,14.5,9.5,2.53,139.15,1.17885277,0.609756098,0,0,NA,NA,NA,0,0,0,0,0,0,1,17.5610654761905,21.1622879464286,3.47573326338724,2012-08-28,18.394,17.02725,15.765,16.218,2012-08-29,18.394,2012-08-28,17.02725,5,39.9382702418354,39.4493340249552,0.00331034482758621,0.00294345009354665,0.00398737119541331,0.00454736842105263
"207","4","2012-8-28",9,25.3,300,"PZN",5.35,6.87,5.32,5,20,5,14.5,9.5,1.78,97.9,0.68889071,0,0,2.8,NA,NA,0.074074074,0.4,2.4,0,0,2.2,0.4,0,18.4610654761905,22.0622879464286,3.47573326338724,2012-08-28,19.294,17.92725,16.665,17.118,2012-08-29,19.294,2012-08-28,17.92725,7,39.8149452167281,39.3290055313698,0.00335448275862069,0.00299951356665415,0.0046792575491037,0.00522105263157895
"208","7","2012-8-28",9,26.035,350,"PZN",5.26,6.98,5.63,5,20,5,14.5,9.5,1.41,77.55,0.88984337,0,2.652634764,4.6,NA,NA,0.4375,1.4,3.2,0.2,0,3,1.2,1,19.1410654761905,22.7422879464286,3.47573326338724,2012-08-28,19.974,18.60725,17.345,17.798,2012-08-29,19.974,2012-08-28,18.60725,8,39.7222702526547,39.2385763812235,0.00379586206896552,0.00344953838550751,0.00401876911472199,0.00454736842105263
"209","23","2012-8-28",9,27.9765,400,"PZN",3.47,5.38,4.03,5,20,5,14.5,9.5,1.14,62.7,1.18306059,0.125,0,0,NA,NA,NA,0,0,0,0,0,0,1,20.4110654761905,24.0122879464286,3.47573326338724,2012-08-28,21.244,19.87725,18.615,19.068,2012-08-29,21.244,2012-08-28,19.87725,9,39.5503364398007,39.0707954710507,0.0042151724137931,0.0038842065505349,0.00404220999818485,0.00454736842105263
"210","18","2012-8-28",9,28.997,450,"PZN",3.32,5.32,4.25,5,20,5,14.5,9.5,0.35,19.25,1.17409119,0,18.39918196,1.6,NA,NA,2.6,0.6,1,0.4,0,0.8,0.4,1,21.2640654761905,24.8652879464286,3.47573326338724,2012-08-28,22.097,20.73025,19.468,19.921,2012-08-29,22.097,2012-08-28,20.73025,10,39.4356896278342,38.9589080176096,0.00441379310344828,0.0040926002250121,0.00311396876449215,0.00360421052631579
"211","25","2012-7-31",5,19.377,0,"P",8.56,9.09,8.92,4,20,4,15.5,8.5,14.32,787.6,NA,NA,0,0,NA,NA,NA,NA,NA,NA,NA,NA,NA,NA,22.2077678571429,20.3886510067114,3.47088642218738,2012-07-31,18.413,18.23125,19.003,19.75475,2012-08-01,19.023,2012-08-01,18.7605,1,39.3096239945806,39.5533580284203,0.0010941935483871,0.00168715740517349,0.0013389786003942,0.00064
"212","6","2012-7-31",5,20.234,50,"P",8.11,8.69,8.38,4,20,4,15.5,8.5,13.22,727.1,NA,NA,0,0,NA,NA,NA,NA,NA,NA,NA,NA,NA,NA,22.7077678571429,20.9002879464286,3.47573326338724,2012-07-31,18.913,18.73125,19.503,20.25475,2012-08-01,19.523,2012-08-01,19.2605,2,39.2431569817601,39.4845014811927,0.00119741935483871,0.00177995208563203,0.00185379168368068,0.00116705882352941
"213","15","2012-7-31",5,23.966,100,"P",8.64,9.24,8.808,4,20,4,15.5,8.5,12.58,691.9,NA,NA,0,0,NA,NA,NA,NA,NA,NA,NA,NA,NA,NA,23.2077678571429,21.4002879464286,3.47573326338724,2012-07-31,19.413,19.23125,20.003,20.75475,2012-08-01,20.023,2012-08-01,19.7605,3,39.1769143621528,39.4174422711685,0.00123870967741935,0.00181107214024755,0.00230114504620206,0.00162635294117647
"214","3","2012-7-31",5,24.684,150,"P",8.4,9.07,8.58,4,20,4,15.5,8.5,10.63,584.65,NA,NA,0,0,NA,NA,NA,NA,NA,NA,NA,NA,NA,NA,23.9577678571429,22.1502879464286,3.47573326338724,2012-07-31,20.163,19.98125,20.753,21.50475,2012-08-01,20.773,2012-08-01,20.5105,4,39.0779686905725,39.3172794628952,0.00138322580645161,0.00194080362882849,0.00250213733797761,0.00184470588235294
"215","29","2012-7-31",5,25.328,200,"P",7.48,8.23,7.57,4,20,4,15.5,8.5,10.54,579.7,NA,NA,0,0,NA,NA,NA,NA,NA,NA,NA,NA,NA,NA,24.8577678571429,23.0502879464286,3.47573326338724,2012-07-31,21.063,20.88125,21.653,22.40475,2012-08-01,21.673,2012-08-01,21.4105,6,38.9598916228682,39.1977539871321,0.00154838709677419,0.00208893517897567,0.0031221370911087,0.00248470588235294
"216","17","2012-7-31",5,24.356,250,"P",8.17,8.95,8.291,4,20,4,15.5,8.5,9.46,520.3,NA,NA,0,0,NA,NA,NA,NA,NA,NA,NA,NA,NA,NA,24.5687678571429,22.7612879464286,3.47573326338724,2012-07-31,20.774,20.59225,21.364,22.11575,2012-08-01,21.384,2012-08-01,21.1215,5,38.9977296283823,39.2360556559574,0.00161032258064516,0.00215625691446581,0.00312469855155749,0.00248094117647058
"217","27","2012-7-31",5,25.637,300,"P",8.19,9.32,8.607,4,20,4,15.5,8.5,9.46,520.3,NA,NA,0,0,NA,NA,NA,NA,NA,NA,NA,NA,NA,NA,25.3227976190476,23.5157217261905,3.47565794324478,2012-07-31,21.53,21.3475,22.12,22.87,2012-08-01,22.14,2012-08-01,21.875,7,38.8991603972635,39.1362261912695,0.00233290322580645,0.00286458045567816,0.0033121491662726,0.00268423529411765
"218","14","2012-7-31",5,26.458,350,"P",7.31,8.71,7.85,4,20,4,15.5,8.5,9.11,501.05,NA,NA,0,0,NA,NA,NA,NA,NA,NA,NA,NA,NA,NA,26.1717678571429,24.3642879464286,3.47573326338724,2012-07-31,22.377,22.19525,22.967,23.71875,2012-08-01,22.987,2012-08-01,22.7245,8,38.7887748829461,39.0245460706913,0.00289032258064516,0.00340731636189423,0.00384740940382376,0.00323764705882353
"219","1","2012-7-31",5,27.023,400,"P",6.14,8.05,7.12,4,20,4,15.5,8.5,8.58,471.9,NA,NA,0,0,NA,NA,NA,NA,NA,NA,NA,NA,NA,NA,27.0487678571429,25.2412879464286,3.47573326338724,2012-07-31,23.254,23.07225,23.844,24.59575,2012-08-01,23.864,2012-08-01,23.6015,9,38.6754007944095,38.909791580662,0.00394322580645162,0.00444530890554226,0.00409341981843589,0.00350117647058824
"220","8","2012-7-31",5,28.976,450,"P",5.68,8.07,7.05,4,20,4,15.5,8.5,8.8,484,NA,NA,0,0,NA,NA,NA,NA,NA,NA,NA,NA,NA,NA,27.6997678571429,25.8922879464286,3.47573326338724,2012-07-31,23.905,23.72325,24.495,25.24675,2012-08-01,24.515,2012-08-01,24.2525,10,38.5916704806264,38.8250444147413,0.0049341935483871,0.0054256036291087,0.0044197015341411,0.00384
"221","11","2012-7-31",5,19.853,0,"PZ",9.08,9.37,8.92,4,20,4,15.5,8.5,8.02,441.1,NA,NA,0,0,NA,NA,0,0,0,0,0,0,0,NA,21.1167976190476,19.7778563988095,2.91039144008814,2012-07-31,18.413,18.23125,19.003,19.75475,2012-08-01,18.687,2012-08-01,18.64075,3,39.4554355571842,39.6358744390032,0.000598709677419353,0.00119167353420575,0.00247896442109345,0.00169411764705882
"222","21","2012-7-31",5,20.476,50,"PZ",9.09,9.98,9.28,4,20,4,15.5,8.5,7.16,393.8,NA,NA,18.59781889,2.6,NA,NA,0.933333333,1.4,1.4,0.6,1.8,0,0.2,NA,20.9067976190476,19.5678563988095,2.91039144008814,2012-07-31,18.203,18.02125,18.793,19.54475,2012-08-01,18.477,2012-08-01,18.43075,2,39.4836269482447,39.6643243642091,0.00183741935483871,0.00243484417148812,0.00342602633206588,0.00263529411764706
"223","28","2012-7-31",5,23.966,100,"PZ",7.64,8.64,7.84,4,20,4,15.5,8.5,7.1,390.5,NA,NA,0,0,NA,NA,0,0,0,0,0,0,0,NA,20.7437976190476,19.4048563988095,2.91039144008814,2012-07-31,18.04,17.85825,18.63,19.38175,2012-08-01,18.314,2012-08-01,18.26775,1,39.5055366234267,39.6864350943488,0.00206451612903226,0.0026654367110649,0.00380710881594162,0.00301176470588236
"224","19","2012-7-31",5,24.698,150,"PZ",6.78,8.1,7.15,4,20,4,15.5,8.5,6.55,360.25,NA,NA,14.93994398,1.6,NA,NA,0,0,1.6,0,1.6,0,0,NA,22.1437976190476,20.8048563988095,2.91039144008814,2012-07-31,19.44,19.25825,20.03,20.78175,2012-08-01,19.714,2012-08-01,19.66775,4,39.3181440652263,39.4973265485844,0.00272516129032258,0.00329698181637921,0.00433341970405514,0.00357647058823529
"225","12","2012-7-31",5,24.987,200,"PZ",8.49,9.94,8.74,4,20,4,15.5,8.5,5.7,313.5,NA,NA,0,0.2,NA,NA,2,0.2,0,0,0,0,0.2,NA,23.1117976190476,21.7728563988095,2.91039144008814,2012-07-31,20.408,20.22625,20.998,21.74975,2012-08-01,20.682,2012-08-01,20.63575,6,39.189611653613,39.3676218920359,0.00299354838709677,0.0035464150558669,0.00524958342890693,0.00451764705882353
"226","13","2012-7-31",5,24.568,250,"PZ",6.99,8.57,7.28,4,20,4,15.5,8.5,3.89,213.95,NA,NA,0,0,NA,NA,0,0,0,0,0,0,0,NA,22.9297976190476,21.5908563988095,2.91039144008814,2012-07-31,20.226,20.04425,20.816,21.56775,2012-08-01,20.5,2012-08-01,20.45375,5,39.2137136851703,39.3919434452298,0.00326193548387097,0.00381829639081233,0.00559301847039377,0.00485647058823529
"227","22","2012-7-31",5,25.035,300,"PZ",7.34,9.08,7.78,4,20,4,15.5,8.5,2.64,145.2,NA,NA,4.77956625,0.4,NA,NA,0,0,0.4,0,0.4,0,0,NA,23.8297976190476,22.4908563988095,2.91039144008814,2012-07-31,21.126,20.94425,21.716,22.46775,2012-08-01,21.4,2012-08-01,21.35375,7,39.0948161128924,39.2719642704669,0.00359225806451613,0.0041316420919133,0.00560825910300243,0.00489411764705882
"228","20","2012-7-31",5,26.023,350,"PZ",6.51,8.47,7.24,4,20,4,15.5,8.5,0.8,44,NA,NA,12.45269995,2.2,NA,NA,2.285714286,1.6,0.6,0.4,0.6,0,1.2,NA,24.4257976190476,23.0868563988095,2.91039144008814,2012-07-31,21.722,21.54025,22.312,23.06375,2012-08-01,21.996,2012-08-01,21.94975,8,39.0164755298299,39.1929128360673,0.00404645161290323,0.00457499882132077,0.00533042540422871,0.00463058823529412
"229","9","2012-7-31",5,27.213,400,"PZ",4.99,7.39,6.09,4,20,4,15.5,8.5,0.69,37.95,NA,NA,0,0,NA,NA,0,0,0,0,0,0,0,NA,26.1557976190476,24.8168563988095,2.91039144008814,2012-07-31,23.452,23.27025,24.042,24.79375,2012-08-01,23.726,2012-08-01,23.67975,9,38.7908455965182,38.9652435898525,0.00495483870967742,0.00545364078600527,0.00555468541746915,0.00489411764705882
"230","30","2012-7-31",5,28.465,450,"PZ",5.51,8.88,7.56,4,20,4,15.5,8.5,0.46,25.3,NA,NA,1.04413664,0.2,NA,NA,2,0.2,0,0,0.2,0,0,NA,26.9677976190476,25.6288563988095,2.91039144008814,2012-07-31,24.264,24.08225,24.854,25.60575,2012-08-01,24.538,2012-08-01,24.49175,10,38.6858404363831,38.8592934208818,0.00695741935483871,0.00744308227094021,0.00561263008811889,0.00496941176470589
"231","2","2012-7-31",5,19.948,0,"PZN",8.64,9.5,8.53,4,20,4,15.5,8.5,13.65,750.75,NA,NA,22.65616029,2,NA,NA,0,0,2,0,2,0,0,0,21.3747678571429,19.5672879464286,3.47573326338724,2012-07-31,17.58,17.39825,18.17,18.92175,2012-08-01,18.19,2012-08-01,17.9275,1,39.420859468415,39.6644014311969,0.00177548387096774,0.00238642927994206,0.00437184994009734,0.00365176470588236
"232","24","2012-7-31",5,20.687,50,"PZN",7.32,8.3,8.15,4,20,4,15.5,8.5,13.5,742.5,NA,NA,21.8265111,0.2,NA,NA,0,0,0.2,0,0.2,0,0,0,22.2807678571429,20.4732879464286,3.47573326338724,2012-07-31,18.486,18.30425,19.076,19.82775,2012-08-01,19.096,2012-08-01,18.8335,4,39.2999057776699,39.5419509419271,0.00202322580645161,0.00261465012217936,0.00126187720213694,0.000564705882352943
"233","5","2012-7-31",5,23.945,100,"PZN",7.02,8.21,7.63,4,20,4,15.5,8.5,12.9,709.5,NA,NA,0,0,NA,NA,0,0,0,0,0,0,0,0,21.3807678571429,19.5732879464286,3.47573326338724,2012-07-31,17.586,17.40425,18.176,18.92775,2012-08-01,18.196,2012-08-01,17.9335,2,39.4200560016718,39.663588006259,0.00245677419354839,0.00306758730703008,0.00290345937217233,0.00218352941176471
"234","16","2012-7-31",5,24.012,150,"PZN",7.29,8.63,8.41,4,20,4,15.5,8.5,11.95,657.25,NA,NA,0,0,NA,NA,0,0,0,0,0,0,0,0,21.9697678571429,20.1622879464286,3.47573326338724,2012-07-31,18.175,17.99325,18.765,19.51675,2012-08-01,18.785,2012-08-01,18.5225,3,39.3413414501649,39.5838988569508,0.00276645161290323,0.00336447485341461,0.00153315295164211,0.000828235294117649
"235","10","2012-7-31",5,23.568,200,"PZN",7.23,8.71,6.93,4,20,4,15.5,8.5,9.21,506.55,NA,NA,0,0.2,NA,NA,2,0.2,0,0,0,0,0.2,0,23.0697678571429,21.2622879464286,3.47573326338724,2012-07-31,19.275,19.09325,19.865,20.61675,2012-08-01,19.885,2012-08-01,19.6225,6,39.1951749708637,39.4359278442651,0.00305548387096774,0.00363062775511013,0.00737923432311148,0.00670117647058824
"236","26","2012-7-31",5,24.238,250,"PZN",7.39,8.98,8.84,4,20,4,15.5,8.5,7.74,425.7,NA,NA,0,0,NA,NA,0,0,0,0,0,0,0,0,22.9697678571429,21.1622879464286,3.47573326338724,2012-07-31,19.175,18.99325,19.765,20.51675,2012-08-01,19.785,2012-08-01,19.5225,5,39.2084179366081,39.4493340249552,0.00328258064516129,0.00385975216540458,0.00120749732373851,0.000527058823529414
"237","4","2012-7-31",5,25.023,300,"PZN",6.18,7.92,7.6,4,20,4,15.5,8.5,7.73,425.15,NA,NA,0,0,NA,NA,0,0,0,0,0,0,0,0,23.8697678571429,22.0622879464286,3.47573326338724,2012-07-31,20.075,19.89325,20.665,21.41675,2012-08-01,20.685,2012-08-01,20.4225,7,39.0895524273389,39.3290055313698,0.00359225806451613,0.00415154209704896,0.00186414096642856,0.00120470588235294
"238","7","2012-7-31",5,26.789,350,"PZN",5.02,6.9,6.72,4,20,4,15.5,8.5,7.56,415.8,NA,NA,0,0,NA,NA,0,0,0,0,0,0,0,0,24.5497678571429,22.7422879464286,3.47573326338724,2012-07-31,20.755,20.57325,21.345,22.09675,2012-08-01,21.365,2012-08-01,21.1025,8,39.0002198231093,39.2385763812235,0.00388129032258065,0.004427581459136,0.00132182348691156,0.000677647058823532
"239","23","2012-7-31",5,27.123,400,"PZN",6.01,7.87,6.94,4,20,4,15.5,8.5,7.47,410.85,NA,NA,0,0,NA,NA,0,0,0,0,0,0,0,0,25.8197678571429,24.0122879464286,3.47573326338724,2012-07-31,22.025,21.84325,22.615,23.36675,2012-08-01,22.635,2012-08-01,22.3725,9,38.834466802382,39.0707954710507,0.00384,0.00436315715988079,0.00411817951665144,0.00350117647058823
"240","18","2012-7-31",5,28.003,450,"PZN",7.85,9.86,8.83,4,20,4,15.5,8.5,5.7,313.5,NA,NA,0,0.2,NA,NA,2,0.2,0,0,0,0,0.2,0,26.6727678571429,24.8652879464286,3.47573326338724,2012-07-31,22.878,22.69625,23.468,24.21975,2012-08-01,23.488,2012-08-01,23.2255,10,38.7239268944041,38.9589080176096,0.00414967741935484,0.00465807679794547,0.00447731193846449,0.00387764705882353
