"","tank","week","Mb","mba","mba1","pp.N","AvgS","CMb","Cmba","Cmba1","C.N","CAvgS","OMb","Omba","Omba1","O.N","OAvgS","CNMb","CNmba","CNmba1","CN.N","CN.AvgS","FNMb","FNmba","FNmba1","FN.N","FN.AvgS"
"1",1,0,3189.44577015153,46.5118042328185,5.30624177662111,17,187.614457067737,1966.31060013083,84.4794536927767,1.23675414042991,5,393.262120026167,1223.1351700207,30.6919502911693,4.0694876361912,12,101.927930835058,NA,NA,NA,NA,NA,3189.44577015153,46.5118042328185,5.30624177662111,17,187.614457067737
"2",1,1,54836.1453874143,153.39161800897,23.7202581806949,44,1246.27603153214,4107.02202568894,49.2260574945792,17.0707677878368,17,241.589530922879,50729.1233617254,218.977341295808,6.64949039285809,27,1878.85642080464,46886.9170166736,816.096376119575,0.669907063162828,6,7814.4861694456,54836.1453874143,153.39161800897,23.7202581806949,44,1246.27603153214
"3",1,2,64828.6193096133,79.4030706384477,44.3934215586801,189,343.008567775732,28616.294091658,89.7011496668209,16.0941984923501,71,403.046395657155,36212.3252179553,73.2067688501893,28.2992230663299,118,306.884112016571,NA,NA,NA,NA,NA,64828.6193096133,79.4030706384477,44.3934215586801,189,343.008567775732
"4",1,6,89105.9940950871,79.489579296619,58.2999020776037,235,379.174442957818,53689.7815170972,106.306261285577,21.0841125861493,96,559.268557469763,35416.2125779899,60.9687054049645,37.2157894914544,139,254.792896244532,4902.57848466016,257.026247180638,0.471840732762097,3,1634.19282822005,89105.9940950871,79.489579296619,58.2999020776037,235,379.174442957818
"5",1,7,81089.9921897728,73.4474467016947,64.1341832901609,262,309.503786983866,1793.3663333765,47.3187843486955,3.70754014414212,8,224.170791672062,79296.6258563963,74.2703966970648,60.4266431460188,254,312.191440379513,NA,NA,NA,NA,NA,81089.9921897728,73.4474467016947,64.1341832901609,262,309.503786983866
"6",2,0,2786.45475091163,47.746746320259,4.61457535711738,15,185.763650060775,13.1738205621533,6.91486662493247,0.524894550696858,1,13.1738205621533,2773.28093034948,50.6633091556394,4.08968080642052,14,198.091495024963,NA,NA,NA,NA,NA,2786.45475091163,47.746746320259,4.61457535711738,15,185.763650060775
"7",2,1,57679.2535445533,227.479296322617,9.08698047229105,28,2059.9733408769,7501.76363265431,164.774927682002,3.24710939152075,5,1500.35272653086,50177.489911899,241.110680809707,5.8398710807703,23,2181.62999616952,11784.6917028008,352.521981577317,0.683618679257524,4,2946.17292570021,57679.2535445533,227.479296322617,9.08698047229105,28,2059.9733408769
"8",2,2,135861.651276755,82.3283360585996,87.2406294176259,377,360.375732829589,78454.2727435771,90.8838108531336,42.7043765256775,192,408.616003872797,57407.3785331779,73.4491405961644,44.5362528919484,185,310.310154233394,1634.19282822005,257.026247180638,0.157280244254032,1,1634.19282822005,135861.651276755,82.3283360585996,87.2406294176259,377,360.375732829589
"9",2,6,70367.7054790772,61.129859284087,74.2804367915962,278,253.121242730493,21853.7056308974,95.4105895090211,10.9672315719782,50,437.074112617948,48513.9998481798,53.6121552873909,63.3132052196181,228,212.780701088508,3575.64216005423,195.813540979798,0.553410204347723,3,1191.88072001808,70367.7054790772,61.129859284087,74.2804367915962,278,253.121242730493
"10",2,7,20819.5581752934,55.5831163166936,29.061089922981,93,223.866216938638,23.1049892502448,2.0281377374491,7.11011612920945,9,2.56722102780498,20796.4531860431,61.3211497358984,21.9509737937716,84,247.576823643371,NA,NA,NA,NA,NA,20819.5581752934,55.5831163166936,29.061089922981,93,223.866216938638
"11",3,0,10584.409783928,162.533353531424,2.18873970335545,8,1323.051222991,586.479183529987,119.17617745243,0.203206150873276,1,586.479183529987,9997.93060039803,168.727235828423,1.98553355248217,7,1428.27580005686,9050.54483769071,927.910401907362,0.102525363781759,1,9050.54483769071,10584.409783928,162.533353531424,2.18873970335545,8,1323.051222991
"12",3,1,30891.0813440623,32.4231317877324,109.989010368856,226,136.686200637444,27353.5389751172,30.2720516462922,107.058540656422,214,127.82027558466,3537.54236894508,70.7840609767508,2.93046971243342,12,294.79519741209,NA,NA,NA,NA,NA,30891.0813440623,32.4231317877324,109.989010368856,226,136.686200637444
"13",3,2,171937.01991645,80.0867630213223,115.542596093183,497,345.949738262474,71099.1846738668,90.8838108531336,38.7008412263953,174,408.616003872797,100837.835242583,74.2703966970648,76.8417548667877,323,312.191440379513,NA,NA,NA,NA,NA,171937.01991645,80.0867630213223,115.542596093183,497,345.949738262474
"14",3,6,101753.528579031,79.2603393089047,71.3717252879995,296,343.761920875103,56391.7425295718,89.6018214928141,33.0486160042486,140,402.798160925513,45361.7860494588,69.9795219643706,38.3231092837509,156,290.780679804223,NA,NA,NA,NA,NA,101753.528579031,79.2603393089047,71.3717252879995,296,343.761920875103
"15",3,7,19362.4452528002,61.8993832255227,24.1695686768424,74,261.654665578381,2402.55281360427,30.2638742077094,10.3065882983128,17,141.326636094369,16959.8924391959,71.334535037853,13.8629803785296,57,297.541972617473,NA,NA,NA,NA,NA,19362.4452528002,61.8993832255227,24.1695686768424,74,261.654665578381
"16",4,0,39364.0497595352,277.863404122473,3.91975963387394,18,2624.26998396902,NA,NA,NA,NA,NA,44679.1436300905,278.819787016195,4.3821660309651,15,2624.26998396902,2426.89036149601,204.394697911894,0.342243599636107,2,1213.445180748,39364.0497595352,278.819787016195,3.91975963387394,15,2624.26998396902
"17",4,1,16430.7081265488,101.798172030005,6.60062540969603,22,746.850369388581,3064.52284789108,75.3676417578996,2.58750701869442,9,340.502538654564,13366.1852786577,120.096231449155,4.01311839100162,13,1028.16809835828,NA,NA,NA,NA,NA,16430.7081265488,101.798172030005,6.60062540969603,22,746.850369388581
"18",4,2,83739.0563437899,90.7088490054962,45.3552946419068,198,422.924526988838,34336.9181458771,89.8959409210371,19.2080592806808,85,403.963742892672,49402.1381979128,91.3203285380539,26.147235361226,113,437.187063698343,17976.1211104206,257.026247180638,1.73008268679436,11,1634.19282822005,83739.0563437899,90.7088490054962,45.3552946419068,198,422.924526988838
"19",4,6,71373.215334825,77.9326776569256,52.5459803238714,201,355.090623556343,37257.8486033014,100.400907312921,19.9760637079087,73,510.381487716457,34115.3667315236,65.1187654312404,32.5699166159627,128,266.526302590028,NA,NA,NA,NA,NA,71373.215334825,77.9326776569256,52.5459803238714,201,355.090623556343
"20",4,7,52412.6098811548,63.1441139249507,58.2227886876062,199,263.379949151532,1935.86722107996,16.0979859656935,16.7188112485358,29,66.7540421062056,50476.7426600749,71.1696298709416,41.5039774390704,170,296.922015647499,NA,NA,NA,NA,NA,52412.6098811548,63.1441139249507,58.2227886876062,199,263.379949151532
"21",5,0,33773.2210936255,519.007834148306,1.32704733543636,7,4824.74587051792,15510.6299772699,574.971435824895,0.418392683388855,3,5170.2099924233,18262.5911163556,477.035132890865,0.908654652047508,4,4565.64777908889,18101.0896753814,927.910401907362,0.205050727563518,2,9050.54483769071,33773.2210936255,519.007834148306,1.32704733543636,7,4824.74587051792
"22",5,1,11483.2020054991,110.517268231723,5.0973387460378,14,820.228714678506,817.398781843498,60.6761984101169,2.00966972864819,3,272.4662606145,10665.8032236556,124.110287273979,3.0876690173896,11,969.61847487778,9050.54483769071,927.910401907362,0.102525363781759,1,9050.54483769071,11483.2020054991,110.517268231723,5.0973387460378,14,820.228714678506
"23",5,2,122660.949075959,82.5293193808935,78.7216184443117,338,362.902216201062,69491.0682994999,89.9074277807127,38.8609558168374,172,404.017838950581,53169.8807764591,74.8845323642134,39.8606626274743,166,320.300486605175,3268.38565644011,257.026247180638,0.314560488508065,2,1634.19282822005,122660.949075959,82.5293193808935,78.7216184443117,338,362.902216201062
"24",5,6,57263.3754609435,77.7283811969497,50.43345316296,155,371.840100395737,17288.5134387353,74.7788839219059,24.709851038384,51,338.990459583045,41746.5599790599,77.2921797655935,25.8777375902731,103,388.105456526293,206.873049540874,32.4343680532964,0.627135687810082,2,103.436524770437,57263.3754609435,76.459854518658,50.43345316296,154,371.840100395737
"25",5,7,241207.893471539,71.9194452458649,198.535990838486,800,301.509866839424,132.87073898707,4.41430031520034,11.2093058565395,18,7.38170772150391,241075.022732552,73.4732721112766,187.326684981946,782,308.280080220655,NA,NA,NA,NA,NA,241207.893471539,71.9194452458649,198.535990838486,800,301.509866839424
"26",6,0,1902.54128993259,36.4166041939949,6.9785824460827,13,146.349329994814,626.334193412254,23.4071207292324,4.90755474930862,6,104.389032235376,1276.20709652033,47.5675900209342,2.07102769677407,7,182.315299502905,NA,NA,NA,NA,NA,1902.54128993259,36.4166041939949,6.9785824460827,13,146.349329994814
"27",6,1,42485.1650923562,146.220306701661,10.9826666677898,36,1180.14347478767,4453.80659665527,74.8987281300986,4.38537146844523,13,342.600507435021,38031.358495701,186.532503285587,6.59729519934454,23,1653.53732590004,36202.1793507628,927.910401907362,0.410101455127036,4,9050.54483769071,42485.1650923562,146.220306701661,10.9826666677898,36,1180.14347478767
"28",6,2,93585.1174505881,85.2530835636545,56.775014467895,248,377.359344558823,64165.8864285914,90.352361839031,35.4446191055478,158,406.113205244249,29419.2310219967,76.3010172579934,21.3303953623472,90,326.880344688853,1634.19282822005,257.026247180638,0.157280244254032,1,1634.19282822005,93585.1174505881,85.2530835636545,56.775014467895,248,377.359344558823
"29",6,6,96200.1727527752,74.4625371205558,74.5155507117497,303,317.49231931609,21617.0991553599,88.6984951427881,13.617070712511,54,400.316651025183,74583.0735974153,71.3752209229633,60.8984799992387,249,299.530416053877,1634.19282822005,257.026247180638,0.157280244254032,1,1634.19282822005,96200.1727527752,74.4625371205558,74.5155507117497,303,317.49231931609
"30",6,7,64150.4891391104,67.5321637162065,61.4064108328756,227,282.601273740574,2424.04318380424,29.2700414235591,10.1687195995197,18,134.669065766902,61726.4459553061,70.8274661146163,51.2376912333559,209,295.341846676106,NA,NA,NA,NA,NA,64150.4891391104,67.5321637162065,61.4064108328756,227,282.601273740574
"31",7,0,10471.6234817517,130.768077524476,2.92703764683237,10,1047.16234817517,NA,NA,NA,NA,NA,10471.6234817517,130.768077524476,2.92703764683237,10,1047.16234817517,9050.54483769071,927.910401907362,0.102525363781759,1,9050.54483769071,10471.6234817517,130.768077524476,2.92703764683237,10,1047.16234817517
"32",7,1,17604.9277587789,176.704482424183,3.0713032237927,13,1354.22521221376,2873.48584767174,80.3876928246085,2.08182494486219,8,359.185730958967,14731.4419111072,330.811345783501,0.989478278930511,5,2946.28838222143,2426.89036149601,204.394697911894,0.342243599636107,2,1213.445180748,17604.9277587789,176.704482424183,3.0713032237927,13,1354.22521221376
"33",7,2,68070.3495974792,80.9056395003727,44.9897772578197,194,350.878090708656,32689.2803098238,90.8838108531336,17.7934902190323,80,408.616003872797,35381.0692876554,73.9034139896633,27.1962870387874,114,310.360256909258,NA,NA,NA,NA,NA,68070.3495974792,80.9056395003727,44.9897772578197,194,350.878090708656
"34",7,6,56588.7870554981,68.4953809814563,49.7883947270236,196,288.718301303562,29776.0786381558,91.6697099253363,15.9757162433998,72,413.556647752164,26812.7084173423,55.0393190140422,33.8126784836238,124,216.231519494696,NA,NA,NA,NA,NA,56588.7870554981,68.4953809814563,49.7883947270236,196,288.718301303562
"35",7,7,16909.3173692456,48.3705142267488,27.0360886407159,91,185.816674387314,15.7410415899582,4.47150218119078,1.31490745394235,2,7.87052079497912,16893.5763276556,49.357008879458,25.7211811867735,89,189.815464355681,NA,NA,NA,NA,NA,16909.3173692456,48.3705142267488,27.0360886407159,91,185.816674387314
"36",8,0,4202.00334411667,37.0070189365363,24.9492437005386,21,200.095397338889,1775.11298262067,19.3872632549197,24.6070001009025,19,93.4269990852982,2426.89036149601,204.394697911894,0.342243599636107,2,1213.445180748,2426.89036149601,204.394697911894,0.342243599636107,2,1213.445180748,4202.00334411667,37.0070189365363,24.9492437005386,21,200.095397338889
"37",8,1,135763.338933565,336.950917186893,12.9353255684346,43,3157.28695194338,7699.63803915774,57.9745593692519,11.4033297929691,29,265.504759970957,128063.700894407,914.830515523436,1.53199577546555,14,9147.40720674339,56730.1593876403,747.031475908495,0.957395782326662,8,7091.26992345503,135763.338933565,336.950917186893,12.9353255684346,43,3157.28695194338
"38",8,2,166528.113842363,92.0633015933531,87.9680291403389,391,425.90310445617,154667.846041256,90.2897820231499,85.7244022477612,381,405.952351814321,11860.2678011063,159.634397218095,2.2436268925777,10,1186.02678011063,9050.54483769071,927.910401907362,0.102525363781759,1,9050.54483769071,166528.113842363,92.0633015933531,87.9680291403389,391,425.90310445617
"39",8,6,21957.3961168701,17.3490894359751,298.008075640036,217,101.654611652176,4242.1535560368,4.87883319464417,293.002970229111,195,21.7546336207015,19486.9405176851,120.96659261891,5.15924087662217,21,843.582979087301,NA,NA,NA,NA,NA,21957.3961168701,16.16514313867,298.008075640036,216,101.654611652176
"40",8,7,11423.7869930453,45.5050517009434,19.6561221171449,62,184.254628920085,7162.4459965551,105.320710395187,3.15021900429016,14,511.603285468221,4261.34099649017,28.0588179151224,16.5059031128547,48,88.7779374268785,431.952297809379,39.2546482271903,0.950594909650506,3,143.984099269793,11423.7869930453,45.5050517009434,19.6561221171449,62,184.254628920085
"41",9,0,837.85868125667,24.2413413642485,7.84864603716667,8,104.732335157084,837.85868125667,24.2413413642485,7.84864603716667,8,104.732335157084,NA,NA,NA,NA,NA,NA,NA,NA,NA,NA,837.85868125667,24.2413413642485,7.84864603716667,8,104.732335157084
"42",9,1,54839.1011072739,190.798149238722,8.90723898869991,33,1661.79094264466,6557.46922996777,64.086699274756,7.03200078112094,24,273.227884581991,48281.6318773061,528.695349142631,1.87523820757897,9,5364.62576414512,NA,NA,NA,NA,NA,54839.1011072739,190.798149238722,8.90723898869991,33,1661.79094264466
"43",9,2,104054.836807964,81.1351719223791,68.2779604663941,294,353.928016353619,41678.8323950253,90.8838108531336,22.6867000292662,102,408.616003872797,62376.0044129385,75.9562074904157,45.5912604371279,192,324.875022984055,3268.38565644011,257.026247180638,0.314560488508065,2,1634.19282822005,104054.836807964,81.1351719223791,68.2779604663941,294,353.928016353619
"44",9,6,38350.6408053241,107.052651852213,14.1823654096859,50,767.012816106482,3268.92803098238,90.8838108531336,1.77934902190323,8,408.616003872797,35081.7127743417,110.132431090133,12.4030163877827,42,835.278875579565,31316.1542275586,497.425888111401,1.12066777914046,7,4473.73631822266,38350.6408053241,107.052651852213,14.1823654096859,50,767.012816106482
"45",9,7,30186.0787972394,47.7324738522098,48.6801482218843,164,184.061456080728,3703.67314510747,30.422384129979,12.0830330665271,36,102.879809586319,26482.4056521319,52.6009365865872,36.5971151553572,128,206.893794157281,1496.34953034313,22.1879080517258,8.54094232573018,24,62.3478970976303,30186.0787972394,47.7324738522098,48.6801482218843,164,184.061456080728
"46",10,0,11080.9559048887,84.230725160293,7.06375063520651,17,651.820935581686,1453.28166107385,28.7489527765437,5.70615333316951,12,121.106805089487,9627.67424381481,217.386978881291,1.35759730203701,5,1925.53484876296,9050.54483769071,927.910401907362,0.102525363781759,1,9050.54483769071,11080.9559048887,84.230725160293,7.06375063520651,17,651.820935581686
"47",10,1,49843.7759339726,183.051961168115,7.68187869674577,35,1424.10788382779,6537.85606196476,90.8838108531336,3.55869804380646,16,408.616003872797,43305.9198720079,260.667245643888,4.12318065293931,19,2279.25894063199,27151.6345130721,927.910401907362,0.307576091345277,3,9050.54483769071,49843.7759339726,183.051961168115,7.68187869674577,35,1424.10788382779
"48",10,2,78914.8861389528,83.1116263826517,49.8731825638668,217,363.66306976476,48216.6884569901,90.8838108531336,26.2453980730726,118,408.616003872797,30698.1976819627,73.8478105491479,23.6277844907942,99,310.08280486831,NA,NA,NA,NA,NA,78914.8861389528,83.1116263826517,49.8731825638668,217,363.66306976476
"49",10,6,37119.3011949114,44.2137936188727,66.0962529634232,223,166.454265448033,11348.6426398836,91.9653116742071,6.23092896442385,27,420.320097773468,25770.6585550277,37.6357783765563,59.8653239989994,196,131.482951811366,1634.19282822005,257.026247180638,0.157280244254032,1,1634.19282822005,37119.3011949114,44.2137936188727,66.0962529634232,223,166.454265448033
"50",10,7,24976.6446459814,44.372396676387,48.2786051785854,146,171.072908534119,7603.48586254417,30.1999805972049,27.7752255742405,70,108.621226607774,17373.1587834373,57.4259378019494,20.503379604345,76,228.594194518911,1184.61004485498,22.1879080517258,6.76157934120306,19,62.3478970976303,24976.6446459814,44.372396676387,48.2786051785854,146,171.072908534119
"51",11,0,169.454616216782,5.83508909037729,12.2770155749952,10,16.9454616216782,7.95317524263232,0.753895394379847,11.5734116505112,8,0.99414690532904,161.501440974149,26.159863874367,0.703603924483989,2,80.7507204870747,NA,NA,NA,NA,NA,169.454616216782,5.83508909037729,12.2770155749952,10,16.9454616216782
"52",11,1,11136.7641369489,99.3405967168582,4.59877225221887,15,742.45094246326,830.405828307748,62.8941627770666,0.969731806172666,3,276.801942769249,10306.3583086411,108.452205201806,3.6290404460462,12,858.863192386762,9050.54483769071,927.910401907362,0.102525363781759,1,9050.54483769071,11136.7641369489,99.3405967168582,4.59877225221887,15,742.45094246326
"53",11,2,33900.5283967074,79.369062276919,23.1151543135459,95,356.847667333763,17979.1041704031,90.8838108531336,9.78641962046777,44,408.616003872797,15921.4242263043,69.4347693876358,13.3287346930781,51,312.184788751066,4902.57848466016,257.026247180638,0.471840732762097,3,1634.19282822005,33900.5283967074,79.369062276919,23.1151543135459,95,356.847667333763
"54",11,6,55144.9046044098,76.0978725421877,58.1585218971275,150,367.632697362732,7464.91055653431,44.8503119400303,26.7097453101883,18,414.717253140795,47679.9940478755,80.358903533391,31.4487765869392,132,361.212076120269,9805.15696932032,257.026247180638,0.943681465524194,6,1634.19282822005,55144.9046044098,76.0978725421877,58.1585218971275,150,367.632697362732
"55",11,7,51472.8159579282,58.1435378911306,66.4595474984243,215,239.408446315945,5319.74396475493,26.7921235689401,25.0145484447717,51,104.308705191273,46153.0719931732,67.8930630766898,41.4449990536526,164,281.421170690081,NA,NA,NA,NA,NA,51472.8159579282,58.1435378911306,66.4595474984243,215,239.408446315945
"56",12,0,1762.36087891576,33.1975520034285,5.05196538558729,15,117.490725261051,586.479183529987,119.17617745243,0.203206150873276,1,586.479183529987,1175.88169538577,27.0562216142141,4.84875923471402,14,83.9915496704122,NA,NA,NA,NA,NA,1762.36087891576,33.1975520034285,5.05196538558729,15,117.490725261051
"57",12,1,74044.6168933325,83.9726909441112,46.5178258186189,200,370.223084466662,54794.0659806413,89.0450748481365,31.3787797689697,137,399.956685990083,19250.5509126912,72.9422688036118,15.1390460496492,63,305.564300201447,NA,NA,NA,NA,NA,74044.6168933325,83.9726909441112,46.5178258186189,200,370.223084466662
"58",12,2,60271.9622488246,79.1511737372658,41.303289875648,177,340.519560727823,21248.0322013855,90.8838108531336,11.565768642371,52,408.616003872797,39023.9300474391,74.2703966970648,29.737521233277,125,312.191440379513,NA,NA,NA,NA,NA,60271.9622488246,79.1511737372658,41.303289875648,177,340.519560727823
"59",12,6,64687.1388805107,60.7092873364864,103.358100665937,256,252.684136251995,9350.28166745303,39.6895726478853,51.7997590516762,52,179.813108989481,55336.8572130577,66.0672538257376,51.558341614261,204,271.259103985577,NA,NA,NA,NA,NA,64687.1388805107,60.7092873364864,103.358100665937,256,252.684136251995
"60",12,7,64717.0985857722,62.0212536879974,70.8820119021114,255,253.792543473616,10067.8632106478,44.8684398117721,20.7515611405414,58,173.583848459445,54649.2353751244,67.0713207175459,50.1304507615701,197,277.407286168144,413.746099081749,32.4343680532964,1.25427137562016,4,103.436524770437,64717.0985857722,62.0212536879974,70.8820119021114,255,253.792543473616
"61",13,0,3787.91663963385,47.1418712875037,6.67047133204246,20,189.395831981693,1419.45223286554,61.9773607042158,1.96295086029144,5,283.890446573108,2368.46440676831,42.1967081485996,4.70752047175103,15,157.897627117888,NA,NA,NA,NA,NA,3787.91663963385,47.1418712875037,6.67047133204246,20,189.395831981693
"62",13,1,785.884321733176,50.2151302857159,1.17940426421642,4,196.471080433294,NA,NA,NA,NA,NA,785.884321733176,50.2151302857159,1.17940426421642,4,196.471080433294,NA,NA,NA,NA,NA,785.884321733176,50.2151302857159,1.17940426421642,4,196.471080433294
"63",13,2,54151.5751646098,81.2421843905147,35.6269416774355,152,356.260362925064,27324.382614919,91.7411552955365,14.6412044769724,66,414.005797195743,26827.1925496908,73.1848346261955,20.9857372004631,86,311.944099415009,1634.19282822005,257.026247180638,0.157280244254032,1,1634.19282822005,54151.5751646098,81.2421843905147,35.6269416774355,152,356.260362925064
"64",13,6,57979.0210013789,57.3796389687877,68.8528096784748,230,253.183497822615,10624.6831970843,78.8007658759269,12.042214213875,30,354.156106569478,49126.0357611463,53.0663944567312,56.9647309302968,199,237.961496503993,NA,NA,NA,NA,NA,57979.0210013789,56.4377094898136,68.8528096784748,229,253.183497822615
"65",13,7,17876.7815100832,49.4879571725088,32.6141272545462,88,203.145244432764,5645.61203998709,40.2229480406336,16.8570533371407,31,182.116517418938,12231.1694700961,54.5268217880901,15.7570739174055,57,214.581920528002,1965.29397063831,32.4343680532964,5.95778903419578,19,103.436524770437,17876.7815100832,49.4879571725088,32.6141272545462,88,203.145244432764
"66",14,0,176853.237124474,117.956291372718,62.5722592618241,305,579.846679096637,176530.234242526,119.17617745243,61.1650514128561,301,586.479183529987,323.002881948299,26.159863874367,1.40720784896798,4,80.7507204870747,NA,NA,NA,NA,NA,176853.237124474,117.956291372718,62.5722592618241,305,579.846679096637
"67",14,1,45374.1309487469,169.901187299184,8.63357819518378,35,1296.40374139277,38509.682992534,474.058601467818,1.99416773442922,9,4278.85366583711,6864.44795621289,64.6159285485028,6.63941046075456,26,264.017229085111,NA,NA,NA,NA,NA,45374.1309487469,169.901187299184,8.63357819518378,35,1296.40374139277
"68",14,2,47221.7044056542,85.7263785576976,28.6661522671143,124,380.820196819792,36445.6939917766,91.5063377921087,19.873942567179,88,414.155613542916,10776.0104138776,71.597589318026,8.79220969993533,36,299.333622607711,NA,NA,NA,NA,NA,47221.7044056542,85.7263785576976,28.6661522671143,124,380.820196819792
"69",14,6,36331.531466505,42.1346457684615,65.0375710190243,215,168.98386728607,10269.4977794211,200.679523332646,1.40368007895596,7,1467.07111134587,26062.0336870839,36.799000850436,63.6338909400683,208,125.298238880211,NA,NA,NA,NA,NA,36331.531466505,42.1346457684615,65.0375710190243,215,168.98386728607
"70",14,7,21869.978515481,65.1562212065148,19.1759444924292,64,341.718414304391,3263.75421147787,57.0625193173563,4.98404808821069,13,251.058016267529,18606.2243040032,67.2193216880651,14.1918964042185,51,364.827927529474,9050.54483769071,927.910401907362,0.102525363781759,1,9050.54483769071,21869.978515481,65.1562212065148,19.1759444924292,64,341.718414304391
"71",15,0,37316.9430592477,269.775224996749,4.16697079338664,15,2487.79620394985,NA,NA,NA,NA,NA,37316.9430592477,269.775224996749,4.16697079338664,15,2487.79620394985,36202.1793507628,927.910401907362,0.410101455127036,4,9050.54483769071,37316.9430592477,269.775224996749,4.16697079338664,15,2487.79620394985
"72",15,1,53163.4773505138,248.51295723034,6.06846350127857,23,2311.45553697886,NA,NA,NA,NA,NA,53163.4773505138,248.51295723034,6.06846350127857,23,2311.45553697886,27151.6345130721,927.910401907362,0.307576091345277,3,9050.54483769071,53163.4773505138,248.51295723034,6.06846350127857,23,2311.45553697886
"73",15,2,85812.3879646901,111.693062766027,31.953072552881,146,587.756081949932,33506.5123175694,90.8838108531336,18.2383274745081,82,408.616003872797,52305.8756471207,138.354916779422,13.7147450783729,64,817.279306986261,38466.0157456517,292.335939534676,2.93356976035434,19,2024.52714450798,85812.3879646901,111.693062766027,31.953072552881,146,587.756081949932
"74",15,6,127889.60348368,102.869923373101,180.047686950101,202,633.116848929109,3286.27253716435,6.73403333330131,164.521926231831,112,29.3417190818245,124603.330946516,222.505697644852,15.52576071827,90,1384.48145496128,119296.076460064,257.026247180638,11.4814578305444,73,1634.19282822005,127889.60348368,102.869923373101,180.047686950101,202,633.116848929109
"75",15,7,53228.3038298635,181.781219121782,13.4369553716017,36,1478.56399527399,1635.1311118828,45.5723921886085,7.14900440364116,8,204.39138898535,51593.1727179807,220.698026816974,6.2879509679605,28,1842.61331135645,45559.9806920677,785.490023019155,0.751476534748453,6,7593.33011534461,53228.3038298635,181.781219121782,13.4369553716017,36,1478.56399527399
"76",16,0,13512.8023320649,91.4139740770434,6.74344996521921,21,643.466777717376,26.3476411243065,6.91486662493247,1.04978910139372,2,13.1738205621533,13486.4546909406,100.308616966739,5.69366086382549,19,709.813404786347,11477.4351991867,445.566599243717,0.444768963417866,3,3825.81173306224,13512.8023320649,91.4139740770434,6.74344996521921,21,643.466777717376
"77",16,1,62502.6613999557,248.005504605766,9.37098065367144,26,2403.94851538291,1234.03017607574,25.1083173893593,5.98267134648668,11,112.184561461431,61268.63122388,411.463441897797,3.38830930718475,15,4084.57541492533,NA,NA,NA,NA,NA,62502.6613999557,248.005504605766,9.37098065367144,26,2403.94851538291
"78",16,2,43875.6857540597,86.4560351613966,30.8407707905084,109,402.529227101465,24721.838149541,83.2756764414168,20.6350241814929,66,374.573305296075,19153.8476045187,91.3375159874121,10.2057466090156,43,445.438316384157,8170.96414110027,257.026247180638,0.786401221270162,5,1634.19282822005,43875.6857540597,86.4560351613966,30.8407707905084,109,402.529227101465
"79",16,6,75684.8101656002,75.3719945927464,57.270821009819,235,322.063021981277,1759.60432468786,89.4473764703436,2.17445092579221,4,439.901081171966,73925.2058409123,75.1282650364244,55.0963700840268,231,320.022536107846,3268.38565644011,257.026247180638,0.314560488508065,2,1634.19282822005,75684.8101656002,75.3719945927464,57.270821009819,235,322.063021981277
"80",16,7,68990.0168701704,110.26728409977,25.1461001717171,94,733.936349682663,4913.66093058479,68.6698925742125,5.82907514583682,16,307.103808161549,64076.3559395856,118.800082361422,19.3170250258802,78,821.4917428152,45252.7241884535,927.910401907362,0.512626818908796,5,9050.54483769071,68990.0168701704,110.26728409977,25.1461001717171,94,733.936349682663
"81",17,0,1434.07231673756,25.2046387464349,7.57501602446824,16,89.6295197960975,626.565111866812,23.612596866548,4.0569964020483,6,104.427518644469,807.507204870748,26.159863874367,3.51801962241995,10,80.7507204870747,NA,NA,NA,NA,NA,1434.07231673756,25.2046387464349,7.57501602446824,16,89.6295197960975
"82",17,1,22383.8060132516,200.30359667009,3.18905336714871,14,1598.84328666083,2932.39591764993,119.17617745243,1.01603075436638,5,586.479183529987,19451.4100956017,245.374385124345,2.17302261278233,9,2161.26778840019,18101.0896753814,927.910401907362,0.205050727563518,2,9050.54483769071,22383.8060132516,200.30359667009,3.18905336714871,14,1598.84328666083
"83",17,2,33804.6222200466,81.4030009764098,25.8379263396071,94,359.623640638793,23607.6230783613,86.8393443561642,17.5979852160781,60,393.460384639355,10196.9991416853,71.8094538356666,8.23994112352899,34,299.911739461332,NA,NA,NA,NA,NA,33804.6222200466,81.4030009764098,25.8379263396071,94,359.623640638793
"84",17,6,20072.9710132642,65.9833076952143,30.0168024224771,70,286.756728760918,3039.84294774581,39.2405163418862,17.1860426490246,17,178.814291043871,17033.1280655184,74.5611841670365,12.8307597734526,53,321.379774821103,1634.19282822005,257.026247180638,0.157280244254032,1,1634.19282822005,20072.9710132642,65.9833076952143,30.0168024224771,70,286.756728760918
"85",17,7,2747.08938951969,77.0774006268896,2.12080770177449,8,343.386173689962,1186.13218762213,81.755740509931,0.931306852443411,3,395.377395874042,1560.95720189757,74.2703966970648,1.18950084933108,5,312.191440379513,NA,NA,NA,NA,NA,2747.08938951969,77.0774006268896,2.12080770177449,8,343.386173689962
"86",18,0,12345.7537173324,56.5237767691604,14.55184440263,34,363.110403450953,2509.32455790851,27.3461202448699,13.2699147746319,29,86.5284330313279,9836.42915942389,225.754184610045,1.28192962799818,5,1967.28583188478,9050.54483769071,927.910401907362,0.102525363781759,1,9050.54483769071,12345.7537173324,56.5237767691604,14.55184440263,34,363.110403450953
"87",18,1,28719.5830684915,95.6792547026382,13.8597039463143,56,512.849697651633,17071.8339151306,89.4634501163074,10.134802656,42,406.472236074538,11647.7491533608,114.32666846163,3.72490129031434,14,831.982082382918,9050.54483769071,927.910401907362,0.102525363781759,1,9050.54483769071,28719.5830684915,95.6792547026382,13.8597039463143,56,512.849697651633
"88",18,2,142010.894802945,85.2414927100475,87.36829484837,377,376.68672361524,108283.407800389,90.5431234947537,60.5057688237169,266,407.080480452591,33727.4870025562,72.5366838025531,26.8625260246531,111,303.851234257263,NA,NA,NA,NA,NA,142010.894802945,85.2414927100475,87.36829484837,377,376.68672361524
"89",18,6,22921.7412036895,19.3601541324279,271.358211720083,236,97.1260220495318,3664.34529242557,4.95276712486823,251.07418185328,168,21.8115791215808,19257.3959112639,54.9548749746343,20.2840298668029,68,283.196998695058,9050.54483769071,927.910401907362,0.102525363781759,1,9050.54483769071,22921.7412036895,19.3601541324279,271.358211720083,236,97.1260220495318
"90",18,7,4561.91698493333,35.8322201579721,11.912064137863,34,134.174028968627,1966.83851155477,48.5228113302036,3.53598925824948,9,218.537612394975,2595.07847337856,31.2636073359687,8.37607487961354,25,103.803138935142,187.043691292891,22.1879080517258,1.06761779071627,3,62.3478970976303,4561.91698493333,35.8322201579721,11.912064137863,34,134.174028968627
"91",19,0,1336.40198512219,36.0467971788016,3.38957992615828,10,133.640198512219,1013.39910317389,42.6380860484247,1.9823720771903,6,168.899850528981,323.002881948299,26.159863874367,1.40720784896798,4,80.7507204870747,NA,NA,NA,NA,NA,1336.40198512219,36.0467971788016,3.38957992615828,10,133.640198512219
"92",19,1,400087.120911222,649.955757235474,9.9136725129762,67,5971.44956583914,399615.309895937,699.958272626906,8.26936505677708,62,6445.40822412801,471.811015285461,29.9245663817246,1.64430745619911,5,94.3622030570922,NA,NA,NA,NA,NA,400087.120911222,649.955757235474,9.9136725129762,67,5971.44956583914
"93",19,2,4014.2012502908,66.3633667919969,3.99226028274997,14,286.728660735057,3703.89167597948,75.6167300843697,3.05155675103485,11,336.717425089044,310.309574311312,32.4343680532964,0.940703531715124,3,103.436524770437,NA,NA,NA,NA,NA,4014.2012502908,66.3633667919969,3.99226028274997,14,286.728660735057
"94",19,6,69925.1027926703,70.3316973253956,58.9332951763282,236,296.292808443518,21373.0057364842,92.5480677119157,11.2857125840392,51,419.078543852632,48552.0970561861,64.2071844080305,47.647582592289,185,262.443767871276,NA,NA,NA,NA,NA,69925.1027926703,70.3316973253956,58.9332951763282,236,296.292808443518
"95",19,7,33266.9085977089,60.8758224702829,37.7375430956573,128,259.897723419601,601.882509696817,18.7635719824464,4.94328357034624,7,85.9832156709738,32665.0260880121,63.3120683662734,32.7942595253111,121,269.958893289356,4902.57848466016,257.026247180638,0.471840732762097,3,1634.19282822005,33266.9085977089,60.8758224702829,37.7375430956573,128,259.897723419601
"96",20,0,45815.5581272849,418.325728251002,3.37196226760622,13,4581.55581272849,0.166774097903512,0.260973524083446,1.56483247317239,1,0.166774097903512,51130.4852237423,513.192113864151,2.269536191525,9,5090.599039243,9050.54483769071,927.910401907362,0.102525363781759,1,9050.54483769071,45815.5581272849,461.898999830144,3.37196226760622,10,4581.55581272849
"97",20,1,53734.1360775166,130.781582856969,15.1716908965278,60,895.568934625277,14487.1249782885,84.6134252545084,10.1354782036985,38,381.240131007593,39247.0110992281,210.526582352127,5.03621269282927,22,1783.95504996491,10684.7376659108,592.468324544,0.259805608035792,2,5342.36883295538,53734.1360775166,130.781582856969,15.1716908965278,60,895.568934625277
"98",20,2,155426.090206944,86.7113083755123,93.6331590840652,403,385.672680414252,132016.667115246,89.5587188755199,75.7896967981255,328,402.489838765993,23409.4230916981,74.2586331221455,17.8434622859396,75,312.125641222641,307.256503614119,73.3881285781191,0.238849715839658,1,307.256503614119,155426.090206944,86.7113083755123,93.6331590840652,403,385.672680414252
"99",20,6,5308.46472140349,66.2664717458105,5.30793724476621,18,294.914706744638,4823.96039848104,86.3197756815323,3.19712547131424,12,401.99669987342,484.504322922448,26.159863874367,2.11081177345197,6,80.7507204870747,NA,NA,NA,NA,NA,5308.46472140349,66.2664717458105,5.30793724476621,18,294.914706744638
"100",20,7,3877.59947633874,44.6753317843752,7.04603517316241,22,176.254521651761,1186.13218762213,81.755740509931,0.931306852443411,3,395.377395874042,2691.46728871661,38.8205304066559,6.114728320719,19,141.656173090348,NA,NA,NA,NA,NA,3877.59947633874,44.6753317843752,7.04603517316241,22,176.254521651761
"101",21,0,38394.0992245508,426.695508081777,2.45908114866025,10,4266.01102495009,606.438760649448,43.4317975212725,1.34768503987459,3,202.146253549816,39559.3584207531,643.929699766681,1.26553157448271,6,6297.94341065022,25737.235438466,890.898634169333,0.312025518778518,3,8579.07847948866,38394.0992245508,443.763732351545,2.45908114866025,9,4266.01102495009
"102",21,1,156793.763441541,94.7749939474742,76.0645315377496,338,463.886874087398,122136.46933397,90.792224863068,66.7672206628629,299,408.483175030001,34657.2941075704,125.309556927922,9.29731087488666,39,888.648566860781,NA,NA,NA,NA,NA,156793.763441541,94.7749939474742,76.0645315377496,338,463.886874087398
"103",21,2,121513.03883096,84.7934317748509,74.5000906797789,325,373.886273326029,87634.861828998,90.6248500269527,48.1032684097436,215,407.604008506967,33878.1770019616,73.3956597366521,26.3968222700353,110,307.98342729056,NA,NA,NA,NA,NA,121513.03883096,84.7934317748509,74.5000906797789,325,373.886273326029
"104",21,6,15265.6608938865,57.6908546685426,23.8527768644397,57,267.818612173448,5555.15139562566,40.9397355767168,17.1602503815758,32,173.598481113302,9710.50949826087,79.1322871060795,6.6925264828639,25,388.420379930435,4902.57848466016,257.026247180638,0.471840732762097,3,1634.19282822005,15265.6608938865,57.6908546685426,23.8527768644397,57,267.818612173448
"105",21,7,4254.63944074357,33.3674348791638,12.2537786514875,35,121.561126878388,2639.62503100207,42.9775295522261,5.21773940664759,15,175.975002066805,1615.0144097415,26.159863874367,7.03603924483989,20,80.7507204870747,NA,NA,NA,NA,NA,4254.63944074357,33.3674348791638,12.2537786514875,35,121.561126878388
"106",22,0,66137.2626511372,545.227964909704,2.14920582231077,14,6613.72626511372,6.78575655730774,4.20434848645466,0.619584338304459,1,6.78575655730774,73217.2687219869,726.295689070439,2.14616334679452,9,7347.83076606443,18101.0896753814,927.910401907362,0.205050727563518,2,9050.54483769071,66137.2626511372,654.08655501204,2.14920582231077,10,6613.72626511372
"107",22,1,94690.77307924,80.458814597736,63.2220555289016,271,349.412446786863,38423.0781846051,89.9999272296788,21.4322455580598,95,404.453454574791,56267.6948946349,75.308782211176,41.7898099708418,176,319.702811901334,1634.19282822005,257.026247180638,0.157280244254032,1,1634.19282822005,94690.77307924,80.458814597736,63.2220555289016,271,349.412446786863
"108",22,2,85913.5923654229,81.1472607534703,56.4840056923971,244,352.104886743537,41270.2163911525,90.8838108531336,22.4642814015283,101,408.616003872797,44643.3759742704,74.2703966970648,34.0197242908689,143,312.191440379513,NA,NA,NA,NA,NA,85913.5923654229,81.1472607534703,56.4840056923971,244,352.104886743537
"109",22,6,76049.3884522026,66.6883799260855,73.2788020751131,274,277.55251259928,21248.5325236792,85.9407469988218,16.2602660618882,55,386.336954975985,54800.8559285235,61.8533105699189,57.0185360132249,219,250.232218851705,NA,NA,NA,NA,NA,76049.3884522026,66.6883799260855,73.2788020751131,274,277.55251259928
"110",22,7,9862.77680054819,163.228665185727,2.3317187293919,7,1408.96811436403,26.3476411243065,6.91486662493247,1.04978910139372,2,13.1738205621533,9836.42915942389,225.754184610045,1.28192962799818,5,1967.28583188478,9050.54483769071,927.910401907362,0.102525363781759,1,9050.54483769071,9862.77680054819,163.228665185727,2.3317187293919,7,1408.96811436403
"111",23,0,19225.5130786184,238.309050544946,2.67214426303987,9,2136.16811984649,26.3476411243065,6.91486662493247,1.04978910139372,2,13.1738205621533,19199.1654374941,304.421674522093,1.62235516164616,7,2742.73791964202,18101.0896753814,927.910401907362,0.205050727563518,2,9050.54483769071,19225.5130786184,238.309050544946,2.67214426303987,9,2136.16811984649
"112",23,1,40128.8217565308,128.677445570989,11.5167206790969,52,771.708110702516,14604.3968503039,94.2123245706979,7.48538343563022,34,429.541083832467,25524.424906227,193.778229682649,4.03133724346665,18,1418.0236059015,11439.3497975404,257.026247180638,1.10096170977823,7,1634.19282822005,40128.8217565308,128.677445570989,11.5167206790969,52,771.708110702516
"113",23,2,181521.958444049,85.302077279887,109.903566870348,482,376.601573535371,135429.760461553,90.969286280926,73.6013533043815,331,409.153354868741,46092.1979824957,72.8792549001258,36.3022135659662,151,305.246344254939,NA,NA,NA,NA,NA,181521.958444049,85.302077279887,109.903566870348,482,376.601573535371
"114",23,6,11310.0886581105,66.1768894686179,10.5680903262432,41,275.855820929525,4494.77604260077,90.8838108531336,2.44660490511694,11,408.616003872797,6815.31261550976,57.1176849609621,8.12148542112629,30,227.177087183659,NA,NA,NA,NA,NA,11310.0886581105,66.1768894686179,10.5680903262432,41,275.855820929525
"115",23,7,55726.5141826774,248.893249433904,14.3798658033139,24,2321.93809094489,16.7416861773793,1.31360568836028,10.7039022929767,8,2.09271077217241,55709.7724965001,372.683071306676,3.67596351033722,16,3481.86078103125,54303.2690261443,927.910401907362,0.615152182690555,6,9050.54483769071,55726.5141826774,248.893249433904,14.3798658033139,24,2321.93809094489
"116",24,0,1181.37256187808,31.3035050762467,4.81200257970713,10,118.137256187808,593.431714185198,41.2138331543228,2.38762296235012,3,197.810571395066,587.940847692886,27.0562216142141,2.42437961735701,7,83.9915496704122,103.436524770437,32.4343680532964,0.313567843905041,1,103.436524770437,1181.37256187808,31.3035050762467,4.81200257970713,10,118.137256187808
"117",24,1,74757.5414711226,119.595551823009,23.768017974193,106,705.25982519927,31463.4322982054,90.8838108531336,17.1262343358186,77,408.616003872797,43294.1091729172,195.830174398195,6.64178363837445,29,1492.90031630749,16341.9282822005,257.026247180638,1.57280244254032,10,1634.19282822005,74757.5414711226,119.595551823009,23.768017974193,106,705.25982519927
"118",24,2,54838.9622660972,140.705220121563,14.6831278880895,69,794.767569073873,4099.33385929013,83.2502704687517,2.7490808280759,11,372.666714480921,50739.6284068071,151.601848503992,11.9340470600136,58,874.821179427709,40854.8207055013,257.026247180638,3.93200610635081,25,1634.19282822005,54838.9622660972,140.705220121563,14.6831278880895,69,794.767569073873
"119",24,6,112233.274710971,92.7389330816633,54.462888836843,228,494.419712383133,37044.5816647312,95.2108786859672,18.6558211584817,85,435.818607820368,76960.3910030917,89.9892293285786,35.9612031440584,142,529.497838353802,27151.6345130721,927.910401907362,0.307576091345277,3,9050.54483769071,112233.274710971,91.9444724800237,54.462888836843,227,494.419712383133
"120",24,7,35139.912631413,51.9867022850322,64.8044965149172,161,218.260326903187,8006.76977596095,28.3450004855774,40.2864914179811,64,125.10577774939,27133.1428554521,67.5853508949818,24.518005096936,97,279.723122221156,NA,NA,NA,NA,NA,35139.912631413,51.9867022850322,64.8044965149172,161,218.260326903187
"121",25,0,349.224468946905,19.0325492953326,2.65657650472202,6,58.2040781578174,33.1333976816142,6.0113605787732,1.66937343969818,3,11.0444658938714,316.09107126529,32.0537380118919,0.987203065023846,3,105.363690421763,NA,NA,NA,NA,NA,349.224468946905,19.0325492953326,2.65657650472202,6,58.2040781578174
"122",25,1,377422.968910807,605.933479680089,10.2499861840609,68,5550.3377781001,375555.465866734,726.584930637057,6.71417507931689,56,6706.34760476311,1867.50304407247,42.8933752142385,3.53581110474402,12,155.625253672706,NA,NA,NA,NA,NA,377422.968910807,605.933479680089,10.2499861840609,68,5550.3377781001
"123",25,2,28363.9809427215,82.0399984334143,18.9454826228367,77,368.363388866513,24550.0936300495,86.8422656019736,15.0144911039724,63,389.684025873801,3813.88731267204,60.4297961748975,3.93099151886427,14,272.420522333717,1634.19282822005,257.026247180638,0.157280244254032,1,1634.19282822005,28363.9809427215,82.0399984334143,18.9454826228367,77,368.363388866513
"124",25,6,59233.5726439232,75.9956168185593,52.5603729243879,174,340.422831286915,6789.13732494553,65.6461518060145,15.517245712522,22,308.597151133888,52444.4353189776,77.493565701954,37.043127211866,152,345.029179730116,9908.59349409076,224.941693019589,1.25724930942924,7,1415.51335629868,59233.5726439232,75.9956168185593,52.5603729243879,174,340.422831286915
"125",25,7,40194.8628836558,93.2828837744698,18.9835785686308,76,528.879774784944,5760.14551590562,76.0657618716863,4.68854444042123,17,338.832089170919,34434.7173677501,98.2437494074752,14.2950341282096,59,583.639277419494,18101.0896753814,927.910401907362,0.205050727563518,2,9050.54483769071,40194.8628836558,93.2828837744698,18.9835785686308,76,528.879774784944
"126",26,0,9421.60460868079,71.3332805403331,9.16279261000249,15,628.106973912053,106.121805245495,5.21224639960032,8.0430954778317,11,9.64743684049957,9315.4828034353,253.166124427348,1.11969713217079,4,2328.87070085882,9050.54483769071,927.910401907362,0.102525363781759,1,9050.54483769071,9421.60460868079,71.3332805403331,9.16279261000249,15,628.106973912053
"127",26,1,48909.079352611,227.454018693222,8.26211494095675,26,1881.11843663888,31483.0991511668,357.553345050521,4.44971252232754,10,3148.30991511668,17425.9802014442,146.14193971991,3.8124024186292,16,1089.12376259026,1941.44933183417,165.207187879379,0.39612996009369,2,970.724665917086,48909.079352611,227.454018693222,8.26211494095675,26,1881.11843663888
"128",26,2,110493.865043942,89.8998425107647,60.9724875259946,271,407.72643927654,81723.2007745595,90.8838108531336,44.4837255475808,200,408.616003872797,28770.6642693827,87.1281007012749,16.4887619784138,71,405.220623512433,8478.22064471439,226.419894080218,1.02525093710982,6,1413.03677411906,110493.865043942,89.8998425107647,60.9724875259946,271,407.72643927654
"129",26,6,108029.814050203,65.9237515041746,101.094288144247,391,276.291084527374,32067.7783956849,99.5076927974078,15.1882617921233,69,464.750411531666,75962.0356545184,58.7271926556247,85.9060263521237,322,235.906943026455,1634.19282822005,257.026247180638,0.157280244254032,1,1634.19282822005,108029.814050203,65.9237515041746,101.094288144247,391,276.291084527374
"130",26,7,81629.8880185491,69.3412713119654,63.6327165791165,230,354.912556602387,14980.1978267594,64.854035097043,14.5484741030989,54,277.411070865914,66649.6901917897,70.7180369688165,49.0842424760176,176,378.69142154426,32005.4152360641,514.472856767095,0.992063290617491,7,4572.20217658059,81629.8880185491,69.3412713119654,63.6327165791165,230,354.912556602387
"131",27,0,2852.17419726218,75.6385019374028,4.58553601950897,7,407.45345675174,593.598488283101,30.975618246763,3.95245543552251,4,148.399622070775,2258.57570897908,135.189013524923,0.633080583986464,3,752.858569659693,1634.19282822005,257.026247180638,0.157280244254032,1,1634.19282822005,2852.17419726218,75.6385019374028,4.58553601950897,7,407.45345675174
"132",27,1,73984.520243293,436.270008493392,3.45837951990322,18,4110.25112462739,25549.3749324754,340.786614061041,1.58044165774228,9,2838.81943694171,48435.1453108176,531.753402925744,1.87793786216094,9,5381.68281231307,614.513007228238,73.3881285781191,0.477699431679316,2,307.256503614119,73984.520243293,436.270008493392,3.45837951990322,18,4110.25112462739
"133",27,2,45844.6743518275,87.9520204713729,26.3570610486584,117,391.834823519893,38357.0147194845,91.4922488445163,20.6465074258958,93,412.441018489081,7487.65963234292,74.233635525442,5.71055362276262,24,311.985818014288,307.256503614119,73.3881285781191,0.238849715839658,1,307.256503614119,45844.6743518275,87.9520204713729,26.3570610486584,117,391.834823519893
"134",27,6,71844.0342946058,70.2553079645144,64.3238621584754,226,317.893957055778,27662.9566367837,96.1049642006252,18.8110559144124,55,502.962847941522,44181.077657822,61.941091046467,45.5128062440631,171,258.368875191942,4902.57848466016,257.026247180638,0.471840732762097,3,1634.19282822005,71844.0342946058,70.2553079645144,64.3238621584754,226,317.893957055778
"135",27,7,135520.887503414,84.8971580997126,76.7028884821167,318,426.166312903817,30035.8413322551,89.3251590451379,16.8636955126771,75,400.477884430068,105485.046171159,83.5304911412479,59.8391929694397,243,434.09484021053,37836.3721789829,793.733570962017,0.567381699381069,5,7567.27443579658,135520.887503414,84.8971580997126,76.7028884821167,318,426.166312903817
"136",28,1,18751.2650003175,227.333515030083,2.92210839475275,10,1875.12650003175,2.56722102780498,2.0281377374491,0.790012903245495,1,2.56722102780498,18748.6977792897,252.367445840375,2.13209549150726,9,2083.1886421433,6536.77131288021,257.026247180638,0.62912097701613,4,1634.19282822005,18751.2650003175,227.333515030083,2.92210839475275,10,1875.12650003175
"137",28,2,37205.1129910612,87.245574171712,22.8067838036247,95,391.63276832696,27146.6862093597,89.9535053198537,16.2252494270094,67,405.17442103522,10058.4267817015,80.7658817815158,6.5815343766153,28,359.229527917911,1941.44933183417,165.207187879379,0.39612996009369,2,970.724665917086,37205.1129910612,87.245574171712,22.8067838036247,95,391.63276832696
"138",28,6,107170.836532635,70.2625678792581,89.2630762070601,349,307.079760838496,16933.8533335676,87.3678540195188,11.4547966368073,43,393.810542641107,90236.9831990674,67.8588838791561,77.8082795702528,306,294.892101957737,9050.54483769071,927.910401907362,0.102525363781759,1,9050.54483769071,107170.836532635,70.2625678792581,89.2630762070601,349,307.079760838496
"139",28,7,163601.153937854,73.4595123966961,127.658048206328,527,310.438622272968,22067.8314301589,89.2682531601211,12.8006188010923,55,401.233298730161,141533.322507695,71.617392180619,114.857429405236,472,299.858734126473,1634.19282822005,257.026247180638,0.157280244254032,1,1634.19282822005,163601.153937854,73.4595123966961,127.658048206328,527,310.438622272968
"140",29,0,124256.250646478,313.856074509869,10.49783151332,49,3186.05770888405,586.479183529987,119.17617745243,0.203206150873276,1,586.479183529987,141386.751031465,329.709383605066,11.8359800194172,38,3254.46767007757,2426.89036149601,204.394697911894,0.342243599636107,2,1213.445180748,124256.250646478,324.311096267819,10.49783151332,39,3186.05770888405
"141",29,1,32126.2916520901,85.3553838179986,19.8750639948798,84,382.455853001072,22896.0677299913,87.8948638749723,13.6946118299315,58,394.759788448125,9230.22392209881,79.6903898447496,6.18045216494825,26,355.008612388416,1634.19282822005,257.026247180638,0.157280244254032,1,1634.19282822005,32126.2916520901,85.3553838179986,19.8750639948798,84,382.455853001072
"142",29,2,85681.5719110196,85.6714049650586,51.3307544803927,225,380.806986271198,53067.1908589053,91.3224521957584,28.6535780244603,129,411.373572549653,32614.3810521143,78.0778102488059,22.6771764559324,96,339.733135959524,3268.38565644011,257.026247180638,0.314560488508065,2,1634.19282822005,85681.5719110196,85.6714049650586,51.3307544803927,225,380.806986271198
"143",29,6,38286.8923116424,80.2277973727219,23.8103373409346,83,461.287859176414,18193.0788247223,233.280861684732,1.99453555441881,10,1819.30788247223,20093.8134869201,59.2616241792959,21.8158017865158,73,275.257718998905,9805.15696932032,257.026247180638,0.943681465524194,6,1634.19282822005,38286.8923116424,80.2277973727219,23.8103373409346,83,461.287859176414
"144",29,7,47391.0609833789,61.1986146186103,51.9527873134616,187,253.428133600957,24708.2860925813,54.133071422721,33.4940360334351,111,222.597172005237,22682.7748907976,71.5180263915537,18.4587512800265,76,298.4575643526,NA,NA,NA,NA,NA,47391.0609833789,61.1986146186103,51.9527873134616,187,253.428133600957
"145",30,0,2410.56576502576,65.1741111686578,2.84948201965804,8,301.320720628219,1786.18288426673,62.1420159925221,2.37368167992561,6,297.697147377788,624.382880759026,74.2703966970648,0.475800339732432,2,312.191440379513,NA,NA,NA,NA,NA,2410.56576502576,65.1741111686578,2.84948201965804,8,301.320720628219
"146",30,1,137003.468325304,257.643878318763,13.6407492954084,72,1902.82594896256,83161.974226032,319.673111838628,6.01077481430357,31,2682.644329872,53841.4940992721,210.743726145207,7.62997448110482,41,1313.20717315298,52908.6835102699,246.224004909902,5.51066724780835,34,1556.13775030206,137003.468325304,257.643878318763,13.6407492954084,72,1902.82594896256
"147",30,2,54871.0992944216,81.8492178587783,37.0101210167264,152,360.994074305405,34337.084919975,88.8536738582818,20.7728917538532,86,399.268429302035,20534.0143744466,72.7221994351828,16.2372292628732,66,311.121429915857,4706.75786436124,90.0825029965299,2.54577740265061,11,427.887078578295,54871.0992944216,81.8492178587783,37.0101210167264,152,360.994074305405
"148",30,6,2889.83172274695,35.8239471793321,7.39029422288499,23,125.644857510737,2254.63740041913,35.8356073850058,5.74518620405079,18,125.257633356619,635.194322327812,35.7819704389066,1.64510801883419,5,127.038864465562,NA,NA,NA,NA,NA,2889.83172274695,35.8239471793321,7.39029422288499,23,125.644857510737
"149",30,7,23425.6292425827,89.0691429745989,24.9034683914518,34,688.989095370081,2002.45185439831,22.7708628009197,21.6929447310555,22,91.0205388362869,21423.1773881844,210.615989959678,3.21052366039629,12,1785.2647823487,20835.2365404915,467.599665643326,0.786144043039283,5,4167.04730809831,23425.6292425827,89.0691429745989,24.9034683914518,34,688.989095370081
